Summary,Issue key,Issue id,Issue Type,Status,Project key,Project name,Project type,Project lead,Project lead id,Project description,Priority,Resolution,Assignee,Assignee Id,Reporter,Reporter Id,Creator,Creator Id,Created,Updated,Last Viewed,Resolved,Due date,Votes,Labels,Labels,Labels,Labels,Labels,Labels,Labels,Labels,Labels,Labels,Labels,Description,Environment,Watchers,Watchers,Watchers Id,Watchers Id,Original estimate,Remaining Estimate,Time Spent,Work Ratio,Σ Original Estimate,Σ Remaining Estimate,Σ Time Spent,Security Level,Attachment,Attachment,Custom field (Actual Result),Custom field (Actual end),Custom field (Actual start),Custom field (Application),Custom field (Approvals),Custom field (Category),Custom field (Change reason),Custom field (Change risk),Custom field (Change type),Custom field (Development),Custom field (Environment),Custom field (Environment),Custom field (Epic Color),Custom field (Epic Name),Custom field (Epic Status),Custom field (Expected Results),Custom field (Focus Areas),Custom field (Goals),Custom field (Impact),Custom field (Incident manager),Custom field (Issue color),Custom field (Locked forms),Custom field (Module),Custom field (Open forms),Custom field (Platform),Custom field (Project overview key),Custom field (Project overview status),Custom field (Rank),Custom field (Request Type),Custom field (Sentiment),Custom field (Severity),Custom field (Start date),Custom field (Steps to Reproduce),Custom field (Story Points),Custom field (Story point estimate),Custom field (Submitted forms),Custom field (Target end),Custom field (Target start),Custom field (Team),Custom field (Total forms),Custom field (User Story),Custom field (Version),Custom field (Vulnerability),Custom field (Work item created forms),Custom field ([CHART] Date of First Response),Custom field ([CHART] Time in Status),Comment,Comment,Status Category,Status Category Changed
Dashboard cards disappear after applying global filter and reappear only after page refresh,AS-222,11305,Bug,Ready for QA,AS,Atlanta Systems,software,Atlanta Systems,712020:e66930c7-bc11-4320-ade0-445deb2a1124,,High,,Chander Shekhar,712020:61d1f4c2-579c-4cb6-b9bd-d4311c398ce1,divakar,712020:63217d10-ba4d-43b3-932b-edc4035eb689,divakar,712020:63217d10-ba4d-43b3-932b-edc4035eb689,07/Sep/26 3:26 PM,11/Sep/26 2:36 PM,11/Sep/26 7:14 PM,,,0,charts,dashboard,filter,functional,global-filter,kpi-cards,trackofy,Trackofy,ui,,,Applying a global filter causes some dashboard cards to disappear instead of updating their data. They reappear only after a page refresh.,,Chander Shekhar,divakar,712020:61d1f4c2-579c-4cb6-b9bd-d4311c398ce1,712020:63217d10-ba4d-43b3-932b-edc4035eb689,,,,,,,,,,,Some cards disappear after applying the filter and return only after refreshing the page.,,,Trackofy,ApprovalsCFValue{approvals=[]},,,,,,Staging,,,,,All configured cards should remain visible and update their data according to the selected global filter.,,,,,,,Dashboard → Global Filter,,Web,,,0|i000uz:,,,High,,"1. Navigate to Dashboard.
2. Ensure multiple cards are displayed.
3. Apply a global filter.
4. Observe the cards.
5. Refresh the page.
6. Observe the dashboard.",,,,,,,,,V6.2,,,2026-09-11 04:52:00.197,,11/Sep/26 10:22 AM;712020:61d1f4c2-579c-4cb6-b9bd-d4311c398ce1;This is not a bug some card has no historical data. ,,To Do,11/Sep/26 2:36 PM
View Summary  in Distance Chart report keeps loading endlessly,AS-221,11304,Bug,Ready for QA,AS,Atlanta Systems,software,Atlanta Systems,712020:e66930c7-bc11-4320-ade0-445deb2a1124,,High,,Keshav Sharma,712020:63fc7ded-0119-4626-af31-c1cd305b4c33,divakar,712020:63217d10-ba4d-43b3-932b-edc4035eb689,divakar,712020:63217d10-ba4d-43b3-932b-edc4035eb689,07/Sep/26 3:26 PM,10/Sep/26 3:12 PM,10/Sep/26 3:10 PM,,,0,bar-chart,chart,distance-chart,functional,reports,trackofy,Trackofy,ui,,,,view summary keeps loading in the reports,,divakar,,712020:63217d10-ba4d-43b3-932b-edc4035eb689,,,,,,,,,,,,Summary Keeps Loading,,,Trackofy,ApprovalsCFValue{approvals=[]},,,,,,Staging,,,,,Summary should load,,,,,,,Reports → Distance Chart,,Web,,,0|i000ur:,,,High,,"1. Navigate to Reports → Distance Chart.
2. Generate a report.
3. Click on View Summary icon.
4. Observe the popup.",,,,,,,,,V6.2,,,,,,,To Do,07/Sep/26 3:26 PM
Dashboard settings widget is clipped when all KPI cards are removed,AS-220,11303,Bug,Ready for QA,AS,Atlanta Systems,software,Atlanta Systems,712020:e66930c7-bc11-4320-ade0-445deb2a1124,,High,,Smriti Singh,712020:f73cd1d4-1898-4661-81a4-15f4ec8d2dfd,divakar,712020:63217d10-ba4d-43b3-932b-edc4035eb689,divakar,712020:63217d10-ba4d-43b3-932b-edc4035eb689,07/Sep/26 3:26 PM,08/Sep/26 12:19 PM,08/Sep/26 12:18 PM,,,0,accessibility,dashboard,kpi-cards,layout,responsive,settings,trackofy,Trackofy,ui,widget,,"When all KPI cards are removed from the dashboard header, the Settings icon shifts left and its settings widget opens partially outside the viewport, making controls inaccessible.",,divakar,Smriti Singh,712020:63217d10-ba4d-43b3-932b-edc4035eb689,712020:f73cd1d4-1898-4661-81a4-15f4ec8d2dfd,,,,,,,,,08/Sep/26 12:19 PM;ug:00e6473d-38d0-475c-828b-f49ed6d7bd06;kpi cards issue.png;https://systemsatlanta.atlassian.net/rest/api/3/attachment/content/10731,,The Settings icon moves left and the settings widget is clipped outside the viewport.,,,Trackofy,ApprovalsCFValue{approvals=[]},,,,,,Staging,,,,,The Settings icon and widget should remain within the viewport and all controls should be accessible.,,,,,,,Dashboard → KPI Cards / Settings,,Web,,,0|i000uj:,,,High,,"1. Navigate to Dashboard.
2. Open KPI card settings.
3. Remove all KPI cards.
4. Observe the Settings icon.
5. Click it.
6. Observe the widget.",,,,,,,,,V6.2,,,2026-09-08 05:52:41.266,,"08/Sep/26 11:22 AM;712020:f73cd1d4-1898-4661-81a4-15f4ec8d2dfd;Now in widget settings there is a limitation that user have to select minimum 6 categories, so kpi can never be empty.",,To Do,07/Sep/26 3:26 PM
Scheduled reports are not received on the configured email address,AS-219,11302,Bug,Ready for QA,AS,Atlanta Systems,software,Atlanta Systems,712020:e66930c7-bc11-4320-ade0-445deb2a1124,,High,,Keshav Sharma,712020:63fc7ded-0119-4626-af31-c1cd305b4c33,divakar,712020:63217d10-ba4d-43b3-932b-edc4035eb689,divakar,712020:63217d10-ba4d-43b3-932b-edc4035eb689,07/Sep/26 3:26 PM,10/Sep/26 3:12 PM,10/Sep/26 2:18 PM,,,0,email,notification,report-delivery,reports,scheduled-reports,trackofy,Trackofy,,,,,Reports scheduled with a valid recipient email address are not delivered after the scheduled execution time.,,divakar,,712020:63217d10-ba4d-43b3-932b-edc4035eb689,,,,,,,,,,,,The scheduled report is not received on the configured email address.,,,Trackofy,ApprovalsCFValue{approvals=[]},,,,,,Staging,,,,,The scheduled report should be generated and delivered to the configured email address.,,,,,,,Reports → Schedule Reports,,Web,,,0|i000ub:,,,High,,"1. Navigate to Reports → Schedule Reports.
2. Create a scheduled report with a valid email.
3. Save the schedule.
4. Wait for execution.
5. Check the inbox and spam/junk folder.",,,,,,,,,V6.2,,,,,,,To Do,10/Sep/26 3:12 PM
Table visibility is poor in Dark Mode due to inappropriate color combination,AS-218,11301,Bug,Ready for QA,AS,Atlanta Systems,software,Atlanta Systems,712020:e66930c7-bc11-4320-ade0-445deb2a1124,,Medium,,Smriti Singh,712020:f73cd1d4-1898-4661-81a4-15f4ec8d2dfd,divakar,712020:63217d10-ba4d-43b3-932b-edc4035eb689,divakar,712020:63217d10-ba4d-43b3-932b-edc4035eb689,07/Sep/26 3:26 PM,08/Sep/26 11:13 AM,,,,0,accessibility,contrast,dark-mode,downloads,table,trackofy,Trackofy,ui,ux,,,"The Downloads table has an inappropriate color combination in Dark Mode. Background, header, borders and text colors provide insufficient visual contrast.",,divakar,,712020:63217d10-ba4d-43b3-932b-edc4035eb689,,,,,,,,,,,,"The current color scheme has poor contrast, making table content and controls difficult to read.",,,Trackofy,ApprovalsCFValue{approvals=[]},,,,,,Staging,,,,,"The table should use sufficient contrast so headers, data, borders and controls are clearly visible.",,,,,,,Downloads,,Web,,,0|i000u3:,,,Low,,"1. Log in to Trackofy.
2. Enable Dark Mode.
3. Navigate to Downloads.
4. Observe the table and pagination controls.",,,,,,,,,V6.2,,,,,,,To Do,08/Sep/26 11:13 AM
Print preview of generated report has unreadable table formatting,AS-217,11300,Bug,Ready for QA,AS,Atlanta Systems,software,Atlanta Systems,712020:e66930c7-bc11-4320-ade0-445deb2a1124,,High,,Smriti Singh,712020:f73cd1d4-1898-4661-81a4-15f4ec8d2dfd,divakar,712020:63217d10-ba4d-43b3-932b-edc4035eb689,divakar,712020:63217d10-ba4d-43b3-932b-edc4035eb689,07/Sep/26 3:26 PM,08/Sep/26 2:56 PM,,,,0,export,fleet-summary,layout,print,print-preview,reports,trackofy,Trackofy,ui,,,The print preview does not maintain a readable table layout. Column headers and cell values are compressed into extremely narrow columns and wrap character-by-character.,,divakar,,712020:63217d10-ba4d-43b3-932b-edc4035eb689,,,,,,,,,,,,"The print preview has severely compressed columns, making the table unreadable.",,,Trackofy,ApprovalsCFValue{approvals=[]},,,,,,Staging,,,,,"The print preview should maintain readable column widths, headers and cell values.",,,,,,,Reports → Fleet Summary,,Web,,,0|i000tv:,,,High,,"1. Navigate to Reports.
2. Generate a Fleet Summary report.
3. Open the report.
4. Click Print.
5. Observe the print preview.",,,,,,,,,V6.2,,,,,,,To Do,07/Sep/26 3:26 PM
Exported report contains only records displayed on the first pagination page,AS-216,11299,Bug,Ready for QA,AS,Atlanta Systems,software,Atlanta Systems,712020:e66930c7-bc11-4320-ade0-445deb2a1124,,High,,Smriti Singh,712020:f73cd1d4-1898-4661-81a4-15f4ec8d2dfd,divakar,712020:63217d10-ba4d-43b3-932b-edc4035eb689,divakar,712020:63217d10-ba4d-43b3-932b-edc4035eb689,07/Sep/26 3:26 PM,11/Sep/26 11:02 AM,,,,0,data-export,export,pagination,report-download,reports,trackofy,Trackofy,,,,,"Exported reports contain only records displayed on the current pagination page instead of all records. For example, 1–10 / 23 exports only 10 records.",,divakar,,712020:63217d10-ba4d-43b3-932b-edc4035eb689,,,,,,,,,,,,The downloaded report contains only the 10 records displayed on the current page.,,,Trackofy,ApprovalsCFValue{approvals=[]},,,,,,Staging,,,,,"The exported report should contain all records in the generated report, e.g. all 23 records.",,,,,,,Reports,,Web,,,0|i000tn:,,,High,,"1. Navigate to Reports.
2. Generate a report with more records than the page size.
3. Verify pagination such as 1–10 /
23.
4. Use an Export option.
5. Open the downloaded file.",,,,,,,,,V6.2,,,,,,,To Do,10/Sep/26 3:12 PM
View Chart button displays a blank popup after report generation,AS-215,11298,Bug,Ready for QA,AS,Atlanta Systems,software,Atlanta Systems,712020:e66930c7-bc11-4320-ade0-445deb2a1124,,High,,Smriti Singh,712020:f73cd1d4-1898-4661-81a4-15f4ec8d2dfd,divakar,712020:63217d10-ba4d-43b3-932b-edc4035eb689,divakar,712020:63217d10-ba4d-43b3-932b-edc4035eb689,07/Sep/26 3:26 PM,08/Sep/26 11:16 AM,,,,0,charts,functional,reports,trackofy,Trackofy,ui,view-chart,,,,,"After generating a report, clicking the View Chart button opens a popup/wizard, but no chart or data is displayed.",,divakar,,712020:63217d10-ba4d-43b3-932b-edc4035eb689,,,,,,,,,,,,A blank popup/wizard is displayed with no chart or data.,,,Trackofy,ApprovalsCFValue{approvals=[]},,,,,,Staging,,,,,The View Chart popup should display the relevant chart/data.,,,,,,,Reports → Generated Reports,,Web,,,0|i000tf:,,,High,,"1. Navigate to Reports.
2. Generate any report.
3. Open the generated report.
4. Click View Chart.
5. Observe the popup/wizard.",,,,,,,,,V6.2,,,,,,,To Do,07/Sep/26 3:26 PM
Invalid email format is accepted while scheduling a report,AS-214,11297,Bug,Ready for QA,AS,Atlanta Systems,software,Atlanta Systems,712020:e66930c7-bc11-4320-ade0-445deb2a1124,,High,,Smriti Singh,712020:f73cd1d4-1898-4661-81a4-15f4ec8d2dfd,divakar,712020:63217d10-ba4d-43b3-932b-edc4035eb689,divakar,712020:63217d10-ba4d-43b3-932b-edc4035eb689,07/Sep/26 3:26 PM,08/Sep/26 4:13 PM,07/Sep/26 4:27 PM,,,0,email-validation,input-validation,reports,schedule-reports,trackofy,Trackofy,,,,,,The email field in the Schedule Reports form accepts invalid email formats such as test@test without displaying a validation error.,,divakar,,712020:63217d10-ba4d-43b3-932b-edc4035eb689,,,,,,,,,,,,The system accepts test@test and allows the report to be scheduled.,,,Trackofy,ApprovalsCFValue{approvals=[]},,,,,,Staging,,,,,The system should reject invalid email addresses and display a clear validation message.,,,,,,,Reports → Schedule Reports,,Web,,,0|i000t7:,,,High,,"1. Navigate to Reports → Schedule Reports.
2. Create or schedule a report.
3. Enter test@test in the email field.
4. Fill in the required fields.
5. Click Schedule/Save.",,,,,,,,,V6.2,,,,,,,To Do,07/Sep/26 3:26 PM
Manage Plan search box returns unrelated plans that do not match the query,AS-213,11296,Bug,Ready for QA,AS,Atlanta Systems,software,Atlanta Systems,712020:e66930c7-bc11-4320-ade0-445deb2a1124,,Medium,,Shivam Verma,712020:848aa87f-a76c-478c-9902-ce2141e48996,divakar,712020:63217d10-ba4d-43b3-932b-edc4035eb689,divakar,712020:63217d10-ba4d-43b3-932b-edc4035eb689,07/Sep/26 3:26 PM,11/Sep/26 4:01 PM,,,,0,admin-panel,filter,plan,search,trackofy,,,,,,,"Searching Manage Plan for a real, exact plan name narrows the result count but the filtered set includes at least one plan whose name has no relation to the query at all -- the filter is imprecise/broken, not inert.",,divakar,,712020:63217d10-ba4d-43b3-932b-edc4035eb689,,,,,,,,,,,,"Searching ""Platinum"" narrowed 10 rows to 5, but the 5 returned were [""Platinum"", ""Gold"", ""Platinum_bms"", ""Platinum 4"", ""Platinum (4)""] -- ""Gold"" does not match ""Platinum"" by substring, prefix, or any visible relation, yet is included every time.",,,Trackofy,ApprovalsCFValue{approvals=[]},,,,,,Staging,,,,,Only plans whose name actually matches the search query should be returned.,,,,,,,Admin Panel - Plan,,Web,,,0|i0009t:,,,Medium,,"1. Open Admin Panel > Plan > Manage Plan.
2. Note a real plan name from row 1 of the unfiltered list (e.g. ""Platinum"").
3. Enter that exact name into the Search box and press Enter.
4. Compare the returned plan names against the search query.",,,,,,,,,V6.2,,,,,,,To Do,08/Sep/26 12:19 PM
"Manage User pagination offers an unbounded ""show all rows"" option that freezes and crashes the browser",AS-212,11295,Bug,Ready for QA,AS,Atlanta Systems,software,Atlanta Systems,712020:e66930c7-bc11-4320-ade0-445deb2a1124,,High,,Shivam Verma,712020:848aa87f-a76c-478c-9902-ce2141e48996,divakar,712020:63217d10-ba4d-43b3-932b-edc4035eb689,divakar,712020:63217d10-ba4d-43b3-932b-edc4035eb689,07/Sep/26 3:26 PM,11/Sep/26 4:01 PM,,,,0,admin-panel,browser-crash,pagination,performance,trackofy,user,,,,,,"The Rows-per-page control offers 10/25/50/100/500/<total-row-count> -- the last option is literally the live total row count (15,959), not a fixed page size, so selecting it attempts to render the entire table client-side with no virtualization, causing severe, escalating main-thread blocking.",,divakar,,712020:63217d10-ba4d-43b3-932b-edc4035eb689,,,,,,,,,,,,"The page renders progressively but decelerates severely as more rows are added -- measured live: main-thread response time for a trivial JS eval grew from 4ms (700 rows, 10s) to 7,170ms (3,400 rows, 81s). Per direct user confirmation, continuing further reaches roughly 8,000 rendered rows before the browser tab stops responding entirely and crashes.",,,Trackofy,ApprovalsCFValue{approvals=[]},,,,,,Staging,,,,,"Rows-per-page options should be capped at a bounded maximum (e.g. 100) with any full-table export handled via a dedicated server-side export/download flow, not client-side rendering that scales with total table size.",,,,,,,Admin Panel - User,,Web,,,0|i0009u:i,,,High,,"1. Open Admin Panel > User > Manage User.
2. Open the Rows-per-page dropdown.
3. Select the maximum option (the live total row count, e.g. 15959).
4. Observe rendering progress and browser responsiveness over time.",,,,,,,,,V6.2,,,,,,,To Do,08/Sep/26 12:26 PM
[CRITICAL] Create Dealer sends no credentials/confirmation email at all,AS-210,11293,Bug,Ready for QA,AS,Atlanta Systems,software,Atlanta Systems,712020:e66930c7-bc11-4320-ade0-445deb2a1124,,Highest,,Chander Shekhar,712020:61d1f4c2-579c-4cb6-b9bd-d4311c398ce1,divakar,712020:63217d10-ba4d-43b3-932b-edc4035eb689,divakar,712020:63217d10-ba4d-43b3-932b-edc4035eb689,07/Sep/26 3:26 PM,11/Sep/26 2:36 PM,09/Sep/26 11:27 PM,,,0,activation,admin-panel,blocker,dealer,email,trackofy,,,,,,"Creating a dealer via the Admin Panel sends no email whatsoever -- no credentials, no confirmation, no activation link -- a step below Create User's own broken-but-attempted flow.",,divakar,,712020:63217d10-ba4d-43b3-932b-edc4035eb689,,,,,,,,,,,,"No email of any kind is sent after Create Dealer, confirmed by the user with a real inbox.",,,Trackofy,ApprovalsCFValue{approvals=[]},,,,,,Staging,,,,,An activation/credentials email (at minimum equivalent to Create User's) should be sent.,,,,,,,Admin Panel - Dealer Activation,,Web,,,0|i000sb:,,,Highest,,"1. Create a Dealer via the Admin Panel with a real email address.
2. Check the inbox for that email address for any resulting message.",,,,,,,,,V6.2,,,,,,,To Do,11/Sep/26 2:36 PM
[CRITICAL] Account-activation verification code request fails with a raw SQL fragment leaking through a broken JSON response -- Phone channel,AS-209,11292,Bug,Ready for QA,AS,Atlanta Systems,software,Atlanta Systems,712020:e66930c7-bc11-4320-ade0-445deb2a1124,,Highest,,Chander Shekhar,712020:61d1f4c2-579c-4cb6-b9bd-d4311c398ce1,divakar,712020:63217d10-ba4d-43b3-932b-edc4035eb689,divakar,712020:63217d10-ba4d-43b3-932b-edc4035eb689,07/Sep/26 3:26 PM,11/Sep/26 2:36 PM,09/Sep/26 11:27 PM,,,0,activation,admin-panel,blocker,information-disclosure,sql-error,trackofy,user,,,,,"The same verification-code page from Bug #64, when 'phone' is chosen and a phone number submitted, fails identically with a raw SQL SELECT fragment for the mobile lookup.",,divakar,,712020:63217d10-ba4d-43b3-932b-edc4035eb689,,,,,,,,,,08/Sep/26 6:26 PM;ug:00e6473d-38d0-475c-828b-f49ed6d7bd06;image-20260908-125621.png;https://systemsatlanta.atlassian.net/rest/api/3/attachment/content/10802,,"Error: Unexpected token 'S', 'SELECT mob'... is not valid JSON – the same broken-JSON/raw-SQL-fragment pattern as Bug #64, for the phone/mobile lookup query.

!image-20260908-125621.png|width=466,alt=""image-20260908-125621.png""!",,,Trackofy,ApprovalsCFValue{approvals=[]},,,,,,Staging,,,,,"A verification code should be sent, or a clean error shown with no internal details.",,,,,,,Admin Panel - User Activation,,Web,,,0|i000s3:,,,Highest,,"1. From the same activation verification page as Bug #64, choose 'phone' instead.
2. Submit a phone number.",,,,,,,,,V6.2,,,,,,,To Do,11/Sep/26 2:36 PM
[CRITICAL] Account-activation verification code request fails with a raw SQL fragment leaking through a broken JSON response -- Email channel,AS-208,11291,Bug,Ready for QA,AS,Atlanta Systems,software,Atlanta Systems,712020:e66930c7-bc11-4320-ade0-445deb2a1124,,Highest,,Chander Shekhar,712020:61d1f4c2-579c-4cb6-b9bd-d4311c398ce1,divakar,712020:63217d10-ba4d-43b3-932b-edc4035eb689,divakar,712020:63217d10-ba4d-43b3-932b-edc4035eb689,07/Sep/26 3:26 PM,11/Sep/26 2:35 PM,08/Sep/26 6:12 PM,,,0,activation,admin-panel,blocker,information-disclosure,sql-error,trackofy,user,,,,,"After Create User, the real credentials/activation email's verification-code page fails when 'email' is chosen and the account's real email submitted, returning a client-side JSON-parse error revealing a raw SQL SELECT fragment.",,divakar,,712020:63217d10-ba4d-43b3-932b-edc4035eb689,,,,,,,,,,08/Sep/26 6:12 PM;ug:00e6473d-38d0-475c-828b-f49ed6d7bd06;sql_error.jpg;https://systemsatlanta.atlassian.net/rest/api/3/attachment/content/10801,,"Error: Unexpected token 'S', 'SELECT ema'... is not valid JSON – the backend is returning a raw, unexecuted SQL query fragment instead of a JSON response.

!sql_error.jpg|width=562,alt=""sql_error.jpg""!",,,Trackofy,ApprovalsCFValue{approvals=[]},,,,,,Staging,,,,,"A verification code should be sent, or a clean error shown with no internal details.",,,,,,,Admin Panel - User Activation,,Web,,,0|i000rv:,,,Highest,,"1. Create a User via the Admin Panel with a real email address.
2. Open the credentials/activation email received.
3. On the verification page, choose 'email' and submit the account's real email address.",,,,,,,,,V6.2,,,,,,,To Do,11/Sep/26 2:35 PM
"[CRITICAL] Users and Dealers created via the Admin Panel cannot log in, and the standalone Forgot Password flow doesn't recognize them either",AS-207,11290,Bug,Ready for QA,AS,Atlanta Systems,software,Atlanta Systems,712020:e66930c7-bc11-4320-ade0-445deb2a1124,,Highest,,Chander Shekhar,712020:61d1f4c2-579c-4cb6-b9bd-d4311c398ce1,divakar,712020:63217d10-ba4d-43b3-932b-edc4035eb689,divakar,712020:63217d10-ba4d-43b3-932b-edc4035eb689,07/Sep/26 3:26 PM,11/Sep/26 2:36 PM,08/Sep/26 6:11 PM,,,0,account-provisioning,admin-panel,authentication,blocker,dealer,trackofy,user,,,,,"No password is ever set during Create User/Dealer, direct login fails 401, and the main Forgot Password flow doesn't recognize these records by phone or email (while correctly recognizing a real pre-existing end user used as a control) -- the real activation path is a separate broken email flow (Bugs #64/#65).",,divakar,,712020:63217d10-ba4d-43b3-932b-edc4035eb689,,,,,,,,,,,,"Direct login returns 401 (no password was ever set); Forgot Password returns 'Please enter valid mobile/email' for both channels, while the identical flow works for a real control account.",,,Trackofy,ApprovalsCFValue{approvals=[]},,,,,,Staging,,,,,The created account should have a working path to obtain login credentials.,,,,,,,Admin Panel - User / Dealer,,Web,,,0|i000rn:,,,Highest,,"1. Create a User or Dealer via the Admin Panel.
2. Attempt to log in with the record's mobile number as username.
3. Attempt the main login page's Forgot Password flow with the same mobile/email.",,,,,,,,,V6.2,,,,,,,To Do,11/Sep/26 2:36 PM
[Low] Configuration's Manage Brand/Manage Model/Documentation and the top-level Menu page silently redirect to Dashboard,AS-206,11289,Bug,Ready for QA,AS,Atlanta Systems,software,Atlanta Systems,712020:e66930c7-bc11-4320-ade0-445deb2a1124,,Low,,Shivam Verma,712020:848aa87f-a76c-478c-9902-ce2141e48996,divakar,712020:63217d10-ba4d-43b3-932b-edc4035eb689,divakar,712020:63217d10-ba4d-43b3-932b-edc4035eb689,07/Sep/26 3:26 PM,11/Sep/26 4:01 PM,,,,0,admin-panel,configuration,navigation,trackofy,ui,,,,,,,"Navigating directly to any of 4 real, clickable nav-linked URLs (Manage Brand, Manage Model, Documentation, Menu) silently redirects to /admin/dashboard with no error or explanation.",,divakar,,712020:63217d10-ba4d-43b3-932b-edc4035eb689,,,,,,,,,,,,"The browser silently ends up on /admin/dashboard instead, with no error, redirect notice, or explanation.",,,Trackofy,ApprovalsCFValue{approvals=[]},,,,,,Staging,,,,,"The requested page should load, or a clear 'not available' message should be shown.",,,,,,,Admin Panel - Configuration,,Web,,,0|i0009u:9,,,Low,,"1. Log in to the Admin Panel.
2. Navigate directly to /admin/configuration/manage-brand (or manage-model, documentation, or /admin/menu).",,,,,,,,,V6.2,,,,,,,To Do,08/Sep/26 12:56 PM
Manage Dealer has no Delete action -- dealers created via this panel are permanent,AS-203,11286,Bug,Ready for QA,AS,Atlanta Systems,software,Atlanta Systems,712020:e66930c7-bc11-4320-ade0-445deb2a1124,,Medium,,Chander Shekhar,712020:61d1f4c2-579c-4cb6-b9bd-d4311c398ce1,divakar,712020:63217d10-ba4d-43b3-932b-edc4035eb689,divakar,712020:63217d10-ba4d-43b3-932b-edc4035eb689,07/Sep/26 3:26 PM,11/Sep/26 2:36 PM,,,,0,admin-panel,dealer,functional,gap,trackofy,,,,,,,"Every dealer row (new dummy and pre-existing real ones alike) has only an Update and a disabled White-Labeling icon -- no delete action of any kind, unlike Manage User's request-based delete.",,Chander Shekhar,divakar,712020:61d1f4c2-579c-4cb6-b9bd-d4311c398ce1,712020:63217d10-ba4d-43b3-932b-edc4035eb689,,,,,,,,,,,No delete icon or action exists anywhere on Manage Dealer rows; a dealer created here is permanent (aside from status-toggle disabling).,,,Trackofy,ApprovalsCFValue{approvals=[]},,,,,,Staging,,,,,"A delete (or equivalent request-based removal) action should exist, consistent with Manage User's own delete flow.",,,,,,,Admin Panel - Dealer,,Web,,,0|i000qr:,,,Low,,"1. Open Admin Panel > User > Manage Dealer.
2. Inspect any row's action-icon column for a delete option.",,,,,,,,,V6.2,,,2026-09-11 04:58:37.44,,"11/Sep/26 10:28 AM;712020:61d1f4c2-579c-4cb6-b9bd-d4311c398ce1;Admin/Dealer can only disable their own sub-dealers/dealers 
This is future discussion point.",,To Do,11/Sep/26 2:36 PM
"[High] Create Dealer: a non-numeric PIN-Code value triggers a raw SQL Server error leaking the database host, port, and database name",AS-202,11285,Bug,Ready for QA,AS,Atlanta Systems,software,Atlanta Systems,712020:e66930c7-bc11-4320-ade0-445deb2a1124,,High,,Shivam Verma,712020:848aa87f-a76c-478c-9902-ce2141e48996,divakar,712020:63217d10-ba4d-43b3-932b-edc4035eb689,divakar,712020:63217d10-ba4d-43b3-932b-edc4035eb689,07/Sep/26 3:26 PM,11/Sep/26 4:01 PM,,,,0,admin-panel,api,dealer,information-disclosure,sql-error,trackofy,,,,,,"Submitting Create Dealer's Billing step with an alphanumeric value in a PIN-Code-shaped field returns HTTP 200 with a body containing a raw SQL Server conversion error, including the internal DB host, port, and database name.",,divakar,,712020:63217d10-ba4d-43b3-932b-edc4035eb689,,,,,,,,,,,,HTTP 200 with body containing SQLSTATE[22018] and the literal DB Host/Port/Database values in the error text.,,,Trackofy,ApprovalsCFValue{approvals=[]},,,,,,Staging,,,,,"A clean validation error should be returned, with no internal connection details exposed, and client-side numeric validation should prevent this input in the first place.",,,,,,,Admin Panel - Dealer,,Web,,,0|i0009q:,,,High,,"1. Open Admin Panel > User > Create Dealer.
2. Fill the Billing step, entering an alphanumeric value into a PIN-Code field.
3. Submit.",,,,,,,,,V6.2,,,,,,,To Do,08/Sep/26 2:01 PM
[Medium] Create User: colliding Mobile number is only rejected server-side after the entire 3-step wizard is submitted,AS-201,11284,Bug,Ready for QA,AS,Atlanta Systems,software,Atlanta Systems,712020:e66930c7-bc11-4320-ade0-445deb2a1124,,Medium,,Shivam Verma,712020:848aa87f-a76c-478c-9902-ce2141e48996,divakar,712020:63217d10-ba4d-43b3-932b-edc4035eb689,divakar,712020:63217d10-ba4d-43b3-932b-edc4035eb689,07/Sep/26 3:26 PM,11/Sep/26 4:01 PM,09/Sep/26 8:58 PM,,,0,admin-panel,trackofy,usability,user,validation,,,,,,,"Filling Mobile with an already-registered number passes client-side validation on every step and only fails after the final Submit, losing all entered data across all 3 steps with no field-specific indication.",,divakar,,712020:63217d10-ba4d-43b3-932b-edc4035eb689,,,,,,,,,,,,"The wizard accepts the colliding number through every step and only rejects it with 'Mobile number already exists' after final Submit, discarding all entered data.",,,Trackofy,ApprovalsCFValue{approvals=[]},,,,,,Staging,,,,,"The Mobile field should be validated for uniqueness as soon as it's entered (Personal Information step), or entered data should be preserved on a late rejection.",,,,,,,Admin Panel - User,,Web,,,0|i0009p:i,,,Low,,"1. Open Admin Panel > User > Create User.
2. Fill all 3 steps, using a Mobile number that already belongs to an existing account.
3. Click Submit on the final step.",,,,,,,,,V6.2,,,,,,,To Do,07/Sep/26 3:26 PM
[High] Manage User's search box does not filter at all,AS-200,11283,Bug,Ready for QA,AS,Atlanta Systems,software,Atlanta Systems,712020:e66930c7-bc11-4320-ade0-445deb2a1124,,High,,Shivam Verma,712020:848aa87f-a76c-478c-9902-ce2141e48996,divakar,712020:63217d10-ba4d-43b3-932b-edc4035eb689,divakar,712020:63217d10-ba4d-43b3-932b-edc4035eb689,07/Sep/26 3:26 PM,11/Sep/26 4:01 PM,08/Sep/26 6:05 PM,,,0,admin-panel,functional,search,trackofy,user,,,,,,,"Entering any query in Manage User's search box and pressing Enter always re-renders the same full, unfiltered 15,900+-row list, regardless of the query.",,divakar,,712020:63217d10-ba4d-43b3-932b-edc4035eb689,,,,,,,,,,,,"The full, unfiltered list is shown regardless of the query -- confirmed with multiple different real, known-present values.",,,Trackofy,ApprovalsCFValue{approvals=[]},,,,,,Staging,,,,,The list should filter down to rows matching the search query.,,,,,,,Admin Panel - User,,Web,,,0|i0009p:9,,,High,,"1. Open Admin Panel > User > Manage User.
2. Enter any known-present value (name, email) into the search box.
3. Press Enter.
4. Observe the result count/list.",,,,,,,,,V6.2,,,,,,,To Do,07/Sep/26 3:26 PM
Intermittent 500 from  under rget-tax-masterapid successive admin-panel API calls,AS-199,11282,Bug,Ready for QA,AS,Atlanta Systems,software,Atlanta Systems,712020:e66930c7-bc11-4320-ade0-445deb2a1124,,Low,,Chander Shekhar,712020:61d1f4c2-579c-4cb6-b9bd-d4311c398ce1,divakar,712020:63217d10-ba4d-43b3-932b-edc4035eb689,divakar,712020:63217d10-ba4d-43b3-932b-edc4035eb689,07/Sep/26 3:26 PM,11/Sep/26 2:36 PM,09/Sep/26 11:28 PM,,,0,admin-panel,backend,concurrency,intermittent,tax,trackofy,,,,,,"A full serial run of the Tax test suite (multiple real create/delete cycles in quick succession) produced one real 500 from get-tax-master; isolated re-runs pass cleanly, indicating backend contention under rapid load.",,divakar,,712020:63217d10-ba4d-43b3-932b-edc4035eb689,,,,,,,,,,,,One real HTTP 500 {'message':'Server Error'} was observed during a rapid full-suite run; the same test passes cleanly in isolation.,,,Trackofy,ApprovalsCFValue{approvals=[]},,,,,,Staging,,,,,get-tax-master should reliably return 200 even under rapid successive admin-panel activity.,,,,,,,Admin Panel - Tax,,Web,,,0|i000pv:,,,Low,,"1. Run several real Tax create/delete cycles against /admin/tax in quick succession.
2. Monitor API responses for get-tax-master.",,,,,,,,,V6.2,,,,,,,To Do,11/Sep/26 2:36 PM
[Minor] Manage User/Manage Dealer row-action icons and Tax List's Edit/Delete icons have no accessible name,AS-198,11281,Bug,Ready for QA,AS,Atlanta Systems,software,Atlanta Systems,712020:e66930c7-bc11-4320-ade0-445deb2a1124,,Low,,Shivam Verma,712020:848aa87f-a76c-478c-9902-ce2141e48996,divakar,712020:63217d10-ba4d-43b3-932b-edc4035eb689,divakar,712020:63217d10-ba4d-43b3-932b-edc4035eb689,07/Sep/26 3:26 PM,11/Sep/26 4:00 PM,,,,0,accessibility,admin-panel,forms,icons,trackofy,,,,,,,Row-level Update/Delete/View-Subusers icons on Manage User/Dealer use only a ptooltip attribute (no aria-label/role); Tax List's icons have neither ptooltip nor any ARIA attribute at all.,,divakar,,712020:63217d10-ba4d-43b3-932b-edc4035eb689,,,,,,,,,,,,None of these icons have an aria-label or role='button'; they are unreachable via accessible-name-based queries and give a screen-reader user no indication of their function.,,,Trackofy,ApprovalsCFValue{approvals=[]},,,,,,Staging,,,,,Icon-only action controls should have a real accessible name (aria-label or equivalent).,,,,,,,Admin Panel,,Web,,,0|i0009r:,,,Low,,"1. Open Admin Panel > User > Manage User (or Tax).
2. Inspect a row's action icons for aria-label or role attributes.",,,,,,,,,V6.2,,,,,,,To Do,07/Sep/26 3:26 PM
[Minor] Create Plan form: 'Currency*' label's for attribute points to the same id as 'BillType*',AS-197,11280,Bug,Ready for QA,AS,Atlanta Systems,software,Atlanta Systems,712020:e66930c7-bc11-4320-ade0-445deb2a1124,,Low,,Shivam Verma,712020:848aa87f-a76c-478c-9902-ce2141e48996,divakar,712020:63217d10-ba4d-43b3-932b-edc4035eb689,divakar,712020:63217d10-ba4d-43b3-932b-edc4035eb689,07/Sep/26 3:26 PM,11/Sep/26 4:01 PM,08/Sep/26 6:04 PM,,,0,accessibility,admin-panel,forms,plan,trackofy,,,,,,,"Both the BillType* and Currency* labels on Create Plan share for='billType', so Currency has no independently-reachable, correctly-associated label.",,divakar,,712020:63217d10-ba4d-43b3-932b-edc4035eb689,,,,,,,,,,,,Both labels share for='billType'; a screen reader announces 'BillType' when focusing the Currency control.,,,Trackofy,ApprovalsCFValue{approvals=[]},,,,,,Staging,,,,,Each field should have its own uniquely-associated label.,,,,,,,Admin Panel,,Web,,,0|i0009o:,,,Low,,"1. Open Admin Panel > Plan > Create Plan.
2. Inspect the DOM for the BillType and Currency field labels.",,,,,,,,,V6.2,,,,,,,To Do,07/Sep/26 3:26 PM
[Minor] Inconsistent nav-item labeling -- 'Unassign Device' has no space,AS-196,11279,Bug,Ready for QA,AS,Atlanta Systems,software,Atlanta Systems,712020:e66930c7-bc11-4320-ade0-445deb2a1124,,Low,,Shivam Verma,712020:848aa87f-a76c-478c-9902-ce2141e48996,divakar,712020:63217d10-ba4d-43b3-932b-edc4035eb689,divakar,712020:63217d10-ba4d-43b3-932b-edc4035eb689,07/Sep/26 3:26 PM,11/Sep/26 4:00 PM,08/Sep/26 6:03 PM,,,0,admin-panel,consistency,navigation,trackofy,ui,,,,,,,"Every Device-submenu nav link uses a spaced, title-cased label except one, whose real accessible link text is literally 'UnassignDevice' with no space.",,divakar,,712020:63217d10-ba4d-43b3-932b-edc4035eb689,,,,,,,,,,,,"UnassignDevice' has no space, inconsistent with every sibling label ('Add Device', 'Manage Device', etc.).",,,Trackofy,ApprovalsCFValue{approvals=[]},,,,,,Staging,,,,,"All nav labels should follow the same spaced, title-cased convention.",,,,,,,Admin Panel,,Web,,,0|i0009p:,,,Low,,"1. Log in to the Admin Panel.
2. Open the Device nav submenu.
3. Compare each item's label text.",,,,,,,,,V6.2,,,,,,,To Do,07/Sep/26 3:26 PM
"[High] Every failed login shows a raw technical error instead of a safe, user-friendly message",AS-194,11277,Bug,Ready for QA,AS,Atlanta Systems,software,Atlanta Systems,712020:e66930c7-bc11-4320-ade0-445deb2a1124,,High,,Smriti Singh,712020:f73cd1d4-1898-4661-81a4-15f4ec8d2dfd,divakar,712020:63217d10-ba4d-43b3-932b-edc4035eb689,divakar,712020:63217d10-ba4d-43b3-932b-edc4035eb689,07/Sep/26 3:26 PM,08/Sep/26 4:33 PM,,,,0,error-handling,information-disclosure,login,security,trackofy,,,,,,,"Every failed-login scenario (nonexistent username, wrong password) shows the literal, unmodified HTTP client error naming the real backend host and endpoint, instead of a safe generic message.",,divakar,,712020:63217d10-ba4d-43b3-932b-edc4035eb689,,,,,,,,,,,,"The raw error 'Http failure response for https://beta2.trackofy.com/trackofy_api_new/token.php: 401 Unauthorized' is shown verbatim, naming the real backend host/endpoint.",,,Trackofy,ApprovalsCFValue{approvals=[]},,,,,,Staging,,,,,"A safe, generic message such as 'Invalid username or password' should be shown.",,,,,,,Login Page,,Web,,,0|i000or:,,,High,,"1. Open the login page.
2. Attempt to log in with an invalid username or a valid username with the wrong password.
3. Observe the error message shown.",,,,,,,,,V6.2,,,,,,,To Do,07/Sep/26 3:26 PM
[Medium] Password visibility toggle is unreachable via Tab (tabindex=-1),AS-193,11276,Bug,Ready for QA,AS,Atlanta Systems,software,Atlanta Systems,712020:e66930c7-bc11-4320-ade0-445deb2a1124,,Medium,,Smriti Singh,712020:f73cd1d4-1898-4661-81a4-15f4ec8d2dfd,divakar,712020:63217d10-ba4d-43b3-932b-edc4035eb689,divakar,712020:63217d10-ba4d-43b3-932b-edc4035eb689,07/Sep/26 3:26 PM,08/Sep/26 4:51 PM,,,,0,accessibility,keyboard,login,trackofy,wcag,,,,,,,"The password-visibility eye icon works correctly on click but carries tabindex=-1, removing it from the natural keyboard Tab order between Password and the next field.",,divakar,,712020:63217d10-ba4d-43b3-932b-edc4035eb689,,,,,,,,,,,,"The toggle is skipped entirely during Tab navigation due to tabindex=-1, though it works correctly via mouse click.",,,Trackofy,ApprovalsCFValue{approvals=[]},,,,,,Staging,,,,,"The password-visibility toggle should be reachable via Tab, per the design doc's accessibility checklist.",,,,,,,Login Page,,Web,,,0|i000oj:,,,High,,"1. Open the login page.
2. Click into the Username field.
3. Press Tab repeatedly and observe whether keyboard focus ever reaches the password-visibility toggle.",,,,,,,,,V6.2,,,,,,,To Do,07/Sep/26 3:26 PM
[Minor] Login heading has a typo -- 'Sign in to you account',AS-192,11275,Bug,Ready for QA,AS,Atlanta Systems,software,Atlanta Systems,712020:e66930c7-bc11-4320-ade0-445deb2a1124,,Low,,Smriti Singh,712020:f73cd1d4-1898-4661-81a4-15f4ec8d2dfd,divakar,712020:63217d10-ba4d-43b3-932b-edc4035eb689,divakar,712020:63217d10-ba4d-43b3-932b-edc4035eb689,07/Sep/26 3:26 PM,08/Sep/26 11:32 AM,,,,0,copy,login,trackofy,typo,ui,,,,,,,"The login page's main heading reads 'Sign in to you account', missing the 'r' in 'your'.",,divakar,,712020:63217d10-ba4d-43b3-932b-edc4035eb689,,,,,,,,,,,,The heading reads 'Sign in to you account'.,,,Trackofy,ApprovalsCFValue{approvals=[]},,,,,,Staging,,,,,The heading should read 'Sign in to your account'.,,,,,,,Login Page,,Web,,,0|i000ob:,,,Low,,"1. Open the login page (https://staging.trackofy.com/).
2. Read the main heading.",,,,,,,,,V6.2,,,,,,,To Do,07/Sep/26 3:26 PM
"[Medium] At mobile viewport widths, the navigation drawer auto-opens over page content and its own Close button renders outside the viewport",AS-191,11274,Bug,Ready for QA,AS,Atlanta Systems,software,Atlanta Systems,712020:e66930c7-bc11-4320-ade0-445deb2a1124,,Medium,,Smriti Singh,712020:f73cd1d4-1898-4661-81a4-15f4ec8d2dfd,divakar,712020:63217d10-ba4d-43b3-932b-edc4035eb689,divakar,712020:63217d10-ba4d-43b3-932b-edc4035eb689,07/Sep/26 3:26 PM,09/Sep/26 12:12 PM,,,,0,mobile,navigation,responsive,trackofy,ux,video-telematics,,,,,,"At a 390x844 viewport, every Video Telematics sub-page's own left-nav drawer opens automatically over the real page content (which becomes width:0/invisible), and the drawer's Close control is itself unreachable/outside the viewport.",,divakar,,712020:63217d10-ba4d-43b3-932b-edc4035eb689,,,,,,,,,,,,"The drawer auto-opens and hides the real page content; its own Close button is reported outside the viewport and un-clickable, trapping the user.",,,Trackofy,ApprovalsCFValue{approvals=[]},,,,,,Staging,,,,,"The module's real content should be usable at mobile widths, with any drawer dismissible via a reachable Close control.",,,,,,,Video Telematics,,Web,,,0|i000o3:,,,High,,"1. Set the browser viewport to 390x844.
2. Open any Video Telematics sub-page (Dashboard/Playback/etc).
3. Observe the navigation drawer and attempt to close it via its Close control.",,,,,,,,,V6.2,,,,,,,To Do,07/Sep/26 3:26 PM
[Low] Video Telematics' custom-styled combobox controls show no visible focus indicator,AS-190,11273,Bug,Ready for QA,AS,Atlanta Systems,software,Atlanta Systems,712020:e66930c7-bc11-4320-ade0-445deb2a1124,,Low,,Smriti Singh,712020:f73cd1d4-1898-4661-81a4-15f4ec8d2dfd,divakar,712020:63217d10-ba4d-43b3-932b-edc4035eb689,divakar,712020:63217d10-ba4d-43b3-932b-edc4035eb689,07/Sep/26 3:26 PM,08/Sep/26 4:06 PM,,,,0,accessibility,focus-indicator,trackofy,video-telematics,wcag,,,,,,,"Keyboard-focusing the styled vehicle/channel selectors (shared across Dashboard, Playback, and Report) leaves outline:none and box-shadow:none with no other focus-indicating class on any ancestor.",,divakar,,712020:63217d10-ba4d-43b3-932b-edc4035eb689,,,,,,,,,,,,No visible change occurs at all when the control receives keyboard focus.,,,Trackofy,ApprovalsCFValue{approvals=[]},,,,,,Staging,,,,,A visible focus indicator (outline or box-shadow) should appear on keyboard focus (WCAG 2.4.7).,,,,,,,Video Telematics - Dashboard / Playback / Report,,Web,,,0|i000nv:,,,Low,,"1. Open Video Telematics > Dashboard (or Playback/Report).
2. Tab to the vehicle/channel selector using the keyboard only.
3. Observe whether any visible focus indicator appears.",,,,,,,,,V6.2,,,,,,,To Do,07/Sep/26 3:26 PM
"[High] Export to Excel/CSV/PDF, Print, and Copy on the Report page are all unimplemented stubs",AS-187,11270,Bug,Ready for QA,AS,Atlanta Systems,software,Atlanta Systems,712020:e66930c7-bc11-4320-ade0-445deb2a1124,,High,,Smriti Singh,712020:f73cd1d4-1898-4661-81a4-15f4ec8d2dfd,divakar,712020:63217d10-ba4d-43b3-932b-edc4035eb689,divakar,712020:63217d10-ba4d-43b3-932b-edc4035eb689,07/Sep/26 3:26 PM,08/Sep/26 6:20 PM,08/Sep/26 6:01 PM,,,0,export,functional,print,report,trackofy,video-telematics,,,,,,"All 5 export-area buttons on the Report page only console.log the label and current row data; none downloads a file, opens a print dialog, writes to clipboard, or shows any user-facing feedback.",,divakar,,712020:63217d10-ba4d-43b3-932b-edc4035eb689,,,,,,,,,,,,"None of the 5 actions does anything beyond a console.log of the label and row data -- no download, no print dialog, no clipboard write, and no visible feedback for any of them.",,,Trackofy,ApprovalsCFValue{approvals=[]},,,,,,Staging,,,,,"Each action should perform its labeled function (download a file, open print dialog, or copy to clipboard) with user feedback.",,,,,,,Video Telematics - Report,,Web,,,0|i000n7:,,,High,,"1. Open Video Telematics > Report and generate a report.
2. Click each of Export to Excel, Export to CSV, Export to PDF, Print, and Copy in turn.
3. Observe any resulting download/dialog/clipboard/feedback.",,,,,,,,,V6.2,,,,,,,To Do,07/Sep/26 3:26 PM
"[Medium] Report page's Notification filter has no 'Skipped' option, even though SKIPPED is a common real value in the table",AS-186,11269,Bug,Ready for QA,AS,Atlanta Systems,software,Atlanta Systems,712020:e66930c7-bc11-4320-ade0-445deb2a1124,,Medium,,Smriti Singh,712020:f73cd1d4-1898-4661-81a4-15f4ec8d2dfd,divakar,712020:63217d10-ba4d-43b3-932b-edc4035eb689,divakar,712020:63217d10-ba4d-43b3-932b-edc4035eb689,07/Sep/26 3:26 PM,08/Sep/26 6:06 PM,08/Sep/26 6:06 PM,,,0,data-consistency,filter,report,trackofy,video-telematics,,,,,,,"The Notification filter offers All/Sent/Pending/Failed but no Skipped, while the report table's own Notification column routinely shows SKIPPED as the most common real value.",,divakar,,712020:63217d10-ba4d-43b3-932b-edc4035eb689,,,,,,,,,,,,"No 'Skipped' filter option exists, despite most real rows in a default report showing SKIPPED as their Notification value.",,,Trackofy,ApprovalsCFValue{approvals=[]},,,,,,Staging,,,,,"The filter's options should cover the real values present in the data, including Skipped.",,,,,,,Video Telematics - Report,,Web,,,0|i000mz:,,,Low,,"1. Open Video Telematics > Report.
2. Open the Notification filter dropdown.
3. Compare its options against the values actually shown in the table's Notification column.",,,,,,,,,V6.2,,,,,,,To Do,07/Sep/26 3:26 PM
[Medium] Update Video Alert dialog: 5 of 7 fields are pre-filled correctly but cannot actually be changed,AS-185,11268,Bug,Ready for QA,AS,Atlanta Systems,software,Atlanta Systems,712020:e66930c7-bc11-4320-ade0-445deb2a1124,,Medium,,Smriti Singh,712020:f73cd1d4-1898-4661-81a4-15f4ec8d2dfd,divakar,712020:63217d10-ba4d-43b3-932b-edc4035eb689,divakar,712020:63217d10-ba4d-43b3-932b-edc4035eb689,07/Sep/26 3:26 PM,09/Sep/26 12:25 PM,,,,0,alert-configuration,edit,functional,trackofy,video-telematics,,,,,,,"In the Update Video Alert dialog, Vehicle, Alert Type, Priority, Delivery Channels, and Delivery Mode are all disabled/read-only despite looking like normal editable controls; only Cooldown and Status are genuinely editable.",,divakar,,712020:63217d10-ba4d-43b3-932b-edc4035eb689,,,,,,,,,,,,"Vehicle, Alert Type, Priority, Delivery Channels, and Delivery Mode are all disabled and cannot be changed; only Cooldown Minutes and Status remain interactive.",,,Trackofy,ApprovalsCFValue{approvals=[]},,,,,,Staging,,,,,"All fields shown in the Edit dialog should be editable, consistent with the documented Edit Alert capability.",,,,,,,Video Telematics - Alert Configuration,,Web,,,0|i000mr:,,,High,,"1. Open Video Telematics > Alert Configuration.
2. Click Edit on an existing alert.
3. Attempt to change Vehicle, Alert Type, Priority, Delivery Channels, or Delivery Mode.",,,,,,,,,V6.2,,,,,,,To Do,07/Sep/26 3:26 PM
"[High] Multi-select filters start with every option pre-selected, so clicking one to isolate it actually deselects it instead",AS-184,11267,Bug,Ready for QA,AS,Atlanta Systems,software,Atlanta Systems,712020:e66930c7-bc11-4320-ade0-445deb2a1124,,High,,Smriti Singh,712020:f73cd1d4-1898-4661-81a4-15f4ec8d2dfd,divakar,712020:63217d10-ba4d-43b3-932b-edc4035eb689,divakar,712020:63217d10-ba4d-43b3-932b-edc4035eb689,07/Sep/26 3:26 PM,09/Sep/26 12:44 PM,07/Sep/26 4:27 PM,,,0,alert-configuration,filter,functional,report,trackofy,video-telematics,,,,,,"Alert Configuration's Vehicle filter and Report's Vehicle and Alert Type filters all default to every option already selected; clicking one option to isolate it toggles that option OFF, leaving every other option still selected -- the opposite of the intended filter.",,divakar,,712020:63217d10-ba4d-43b3-932b-edc4035eb689,,,,,,,,,,,,"The clicked option is deselected while every other option remains selected, showing every record EXCEPT the one just clicked -- confirmed on Alert Configuration's Vehicle filter and Report's Vehicle and Alert Type filters.",,,Trackofy,ApprovalsCFValue{approvals=[]},,,,,,Staging,,,,,Clicking a single option should filter the view to only that option.,,,,,,,Video Telematics - Alert Configuration / Report,,Web,,,0|i000mj:,,,High,,"1. Open Video Telematics > Alert Configuration (or Report).
2. Open the Vehicle (or Alert Type) multi-select filter, showing 'All' by default.
3. Click a single option to try to isolate it.
4. Observe the resulting filtered list.",,,,,,,,,V6.2,,,,,,,To Do,07/Sep/26 3:26 PM
[Low] Raise Support Ticket's Comment field ignores any programmatic value change -- only real keystrokes register,AS-180,11263,Bug,Ready for QA,AS,Atlanta Systems,software,Atlanta Systems,712020:e66930c7-bc11-4320-ade0-445deb2a1124,,Low,,Smriti Singh,712020:f73cd1d4-1898-4661-81a4-15f4ec8d2dfd,divakar,712020:63217d10-ba4d-43b3-932b-edc4035eb689,divakar,712020:63217d10-ba4d-43b3-932b-edc4035eb689,07/Sep/26 3:26 PM,11/Sep/26 12:06 PM,,,,0,input-handling,misc,raise-ticket,support,trackofy,usability,,,,,,"The Comment textarea never registers a value set via a standard programmatic value+input-event write; only genuine keystroke-by-keystroke input updates the value, counter, and Angular form state.",,divakar,,712020:63217d10-ba4d-43b3-932b-edc4035eb689,,,,,,,,,,,,Only real per-character keystrokes register; programmatic/paste-style value changes leave the field looking empty/untouched with the counter still at 0/200.,,,Trackofy,ApprovalsCFValue{approvals=[]},,,,,,Staging,,,,,"The field should register a value change regardless of the input method (typing, paste, autofill, voice-to-text, etc.).",,,,,,,Miscellaneous Pages - Support,,Web,,,0|i000ln:,,,Low,,"1. Open Profile > Support > Raise Ticket.
2. Attempt to set the Comment field's value via paste, autofill, or another non-keystroke method.
3. Observe the field's value and the character counter.",,,,,,,,,V6.2,,,,,,,To Do,07/Sep/26 3:26 PM
"[CRITICAL] Raise Support Ticket cannot be submitted -- vehicle counter never updates, and Submit stays permanently disabled on a fully valid form",AS-179,11262,Bug,Ready for QA,AS,Atlanta Systems,software,Atlanta Systems,712020:e66930c7-bc11-4320-ade0-445deb2a1124,,Highest,,Smriti Singh,712020:f73cd1d4-1898-4661-81a4-15f4ec8d2dfd,divakar,712020:63217d10-ba4d-43b3-932b-edc4035eb689,divakar,712020:63217d10-ba4d-43b3-932b-edc4035eb689,07/Sep/26 3:26 PM,09/Sep/26 12:52 PM,,,,0,blocker,functional,misc,raise-ticket,support,trackofy,,,,,,"The 'X selected' vehicle counter in Raise Support Ticket never updates from '0 selected' despite real selections registering at the component level, and the Submit Ticket button never enables even with every field genuinely valid (no visible errors anywhere), verified across four different input methods.",,divakar,,712020:63217d10-ba4d-43b3-932b-edc4035eb689,,,,,,,,,,,,"The counter stays at '0 selected' regardless of real selection, and Submit Ticket never enables even on a fully valid form -- the ticket cannot be submitted through the UI.",,,Trackofy,ApprovalsCFValue{approvals=[]},,,,,,Staging,,,,,"The selected-count indicator should reflect the real selection, and Submit Ticket should enable once the form is genuinely valid.",,,,,,,Miscellaneous Pages - Support,,Web,,,0|i000lf:,,,Highest,,"1. Open Profile > Support > Raise Ticket.
2. Select one or more vehicles, a Category, a Severity, and enter a valid Comment, Email, and Mobile.
3. Observe the selected-count indicator and the Submit Ticket button.",,,,,,,,,V6.2,,,,,,,To Do,07/Sep/26 3:26 PM
"At mobile viewport widths, the Account menu is not reachable through any UI control",AS-178,11261,Bug,Ready for QA,AS,Atlanta Systems,software,Atlanta Systems,712020:e66930c7-bc11-4320-ade0-445deb2a1124,,High,,Smriti Singh,712020:f73cd1d4-1898-4661-81a4-15f4ec8d2dfd,divakar,712020:63217d10-ba4d-43b3-932b-edc4035eb689,divakar,712020:63217d10-ba4d-43b3-932b-edc4035eb689,07/Sep/26 3:26 PM,09/Sep/26 1:41 PM,,,,0,account-menu,misc,mobile,responsive,security,trackofy,ux,,,,,"At a 390x844 mobile viewport, the desktop Account-menu avatar button becomes invisible and no alternative control opens My Profile, Support, Change Password, Language, or Sign Out.",,divakar,,712020:63217d10-ba4d-43b3-932b-edc4035eb689,,,,,,,,,,,,"The desktop avatar button is invisible; the mobile hamburger only toggles the primary nav list. No control anywhere in the mobile layout opens the Account menu items, including Sign Out.",,,Trackofy,ApprovalsCFValue{approvals=[]},,,,,,Staging,,,,,"A mobile-appropriate control should provide access to My Profile, Support, Change Password, Language, and Sign Out.",,,,,,,Miscellaneous Pages,,Web,,,0|i000l7:,,,High,,"1. Set the browser viewport to 390x844 (or a similar phone size).
2. Log in and look for the Account menu (avatar button).
3. Try the hamburger/menu toggle and any other visible control.",,,,,,,,,V6.2,,,,,,,To Do,07/Sep/26 3:26 PM
[Low] No show/hide (eye) toggle on the Password / Confirm Password fields in the Create User wizard,AS-177,11260,Bug,Ready for QA,AS,Atlanta Systems,software,Atlanta Systems,712020:e66930c7-bc11-4320-ade0-445deb2a1124,,Low,,Smriti Singh,712020:f73cd1d4-1898-4661-81a4-15f4ec8d2dfd,divakar,712020:63217d10-ba4d-43b3-932b-edc4035eb689,divakar,712020:63217d10-ba4d-43b3-932b-edc4035eb689,07/Sep/26 3:26 PM,11/Sep/26 12:01 PM,,,,0,administrator,create-user,password,trackofy,usability,,,,,,,"Step 1's Password and Confirm Password fields are plain type=password inputs with no visibility-toggle control, inconsistent with the User Management table's own working password-reveal toggle per row.",,divakar,,712020:63217d10-ba4d-43b3-932b-edc4035eb689,,,,,,,,,,,,"No visibility toggle exists on either field in the wizard, though the same capability exists elsewhere in the module (User Management's per-row 'Show password').",,,Trackofy,ApprovalsCFValue{approvals=[]},,,,,,Staging,,,,,"A visibility toggle should be available, consistent with the same capability already present in the User Management table.",,,,,,,Administrator,,Web,,,0|i000kz:,,,Low,,"1. Open Administrator > Create User wizard, Step
1.
2. Locate the Password and Confirm Password fields.
3. Look for a visibility-toggle (eye) icon.",,,,,,,,,V6.2,,,,,,,To Do,07/Sep/26 3:26 PM
User already exists' error for common usernames the account doesn't actually have -- appears globally scoped with a misleading message,AS-176,11259,Bug,Ready for QA,AS,Atlanta Systems,software,Atlanta Systems,712020:e66930c7-bc11-4320-ade0-445deb2a1124,,Medium,,Chander Shekhar,712020:61d1f4c2-579c-4cb6-b9bd-d4311c398ce1,divakar,712020:63217d10-ba4d-43b3-932b-edc4035eb689,divakar,712020:63217d10-ba4d-43b3-932b-edc4035eb689,07/Sep/26 3:26 PM,11/Sep/26 2:37 PM,,,,0,administrator,create-user,error-message,trackofy,usability,validation,,,,,,"Creating sub-users named 'test', 'admin', or 'demo' in an account with no such existing users all fail with 'user already exists' (app's own typo: user_alread_exist), while a more specific name is accepted normally; the underlying save call returns HTTP 200 even for the rejected names.",,divakar,,712020:63217d10-ba4d-43b3-932b-edc4035eb689,,,,,,,,,,,,"All three common names are rejected as 'already exists' despite not existing in this account, suggesting a global (not per-account) uniqueness check with a misleading, account-scoped-sounding error message.",,,Trackofy,ApprovalsCFValue{approvals=[]},,,,,,Staging,,,,,"Either the check should be scoped per-account, or the error message should clarify the collision is with a username taken elsewhere on the platform.",,,,,,,Administrator,,Web,,,0|i000kr:,,,Low,,"1. In an account with no users named 'test'/'admin'/'demo', open Administrator > Create User.
2. Attempt to create a user named 'test' (then 'admin', then 'demo').
3. Observe the error and the same-account user list.",,,,,,,,,V6.2,,,,,,,To Do,11/Sep/26 2:37 PM
Menu Access is only enforced by hiding nav items -- direct URL navigation reaches modules a sub-user was never granted,AS-173,11256,Bug,Ready for QA,AS,Atlanta Systems,software,Atlanta Systems,712020:e66930c7-bc11-4320-ade0-445deb2a1124,,High,,Smriti Singh,712020:f73cd1d4-1898-4661-81a4-15f4ec8d2dfd,divakar,712020:63217d10-ba4d-43b3-932b-edc4035eb689,divakar,712020:63217d10-ba4d-43b3-932b-edc4035eb689,07/Sep/26 3:26 PM,09/Sep/26 2:43 PM,,,,0,administrator,authorization,route-guard,security,trackofy,,,,,,,"A sub-user's Menu Access is implemented as client-side nav-item hiding only; navigating a sub-user directly to /settings/driver or /administrator by URL loads the real page shell, including a functional Administrator/User Management page for a sub-user never granted Administrator.",,divakar,,712020:63217d10-ba4d-43b3-932b-edc4035eb689,,,,,,,,,,,,The real page shell loads normally for both URLs; /administrator in particular loads a fully functional User Management page (showing '0 users') for a sub-user who should never be able to reach it under any configuration.,,,Trackofy,ApprovalsCFValue{approvals=[]},,,,,,Staging,,,,,"Direct URL navigation to an ungranted module should be blocked/redirected (a real route guard), not just hidden from the nav.",,,,,,,Administrator,,Web,,,0|i000k3:,,,High,,"1. Create a sub-user with a menu group granting only Home/Dashboard/Tracking.
2. Log in as that sub-user.
3. Navigate directly to /administrator (or /settings/driver) by URL.",,,,,,,,,V6.2,,,,,,,To Do,07/Sep/26 3:26 PM
"[CRITICAL] Clicking 'Edit' on a user row opens a completely different, unrelated user's data",AS-172,11255,Bug,Ready for QA,AS,Atlanta Systems,software,Atlanta Systems,712020:e66930c7-bc11-4320-ade0-445deb2a1124,,Highest,,Smriti Singh,712020:f73cd1d4-1898-4661-81a4-15f4ec8d2dfd,divakar,712020:63217d10-ba4d-43b3-932b-edc4035eb689,divakar,712020:63217d10-ba4d-43b3-932b-edc4035eb689,07/Sep/26 3:26 PM,09/Sep/26 2:19 PM,,,,0,access-control,administrator,data-integrity,edit-user,security,trackofy,,,,,,"Clicking a specific, searched-down-to-one user row's Edit action opens the Edit dialog pre-bound to a different, unrelated existing username instead of the clicked user, reproduced across independent sessions with a clean-overlay-state check ruling out a stale dialog.",,divakar,,712020:63217d10-ba4d-43b3-932b-edc4035eb689,,,,,,,,,,,,"The dialog opens titled for a different, unrelated pre-existing username ('Tarunn'), confirmed reproducible across independent sessions with zero pre-existing overlay panes before the click.",,,Trackofy,ApprovalsCFValue{approvals=[]},,,,,,Staging,,,,,The Edit dialog should open bound to the exact user whose row's Edit action was clicked.,,,,,,,Administrator,,Web,,,0|i000jv:,,,Highest,,"1. Create or identify a specific sub-user in Administrator > User Management.
2. Search down to exactly that one matching row.
3. Click that row's Edit user action.
4. Observe the dialog title/bound user.",,,,,,,,,V6.2,,,,,,,To Do,07/Sep/26 3:26 PM
"Step 4's unit selector is a separate, unfiltered picker over the entire fleet, disconnected from Step 1's vehicle scope (confirmed harmless, UX-only)",AS-171,11254,Bug,Ready for QA,AS,Atlanta Systems,software,Atlanta Systems,712020:e66930c7-bc11-4320-ade0-445deb2a1124,,Low,,Smriti Singh,712020:f73cd1d4-1898-4661-81a4-15f4ec8d2dfd,divakar,712020:63217d10-ba4d-43b3-932b-edc4035eb689,divakar,712020:63217d10-ba4d-43b3-932b-edc4035eb689,07/Sep/26 3:26 PM,11/Sep/26 11:57 AM,,,,0,administrator,create-user,trackofy,ux,wizard,,,,,,,"Step 4 (Unit Permission) lists the entire fleet regardless of Step 1's vehicle scope, with no visual indication of which options are actually in scope. Confirmed via a follow-up authorization test that the resulting permission has no real effect outside Step 1's scope.",,divakar,,712020:63217d10-ba4d-43b3-932b-edc4035eb689,,,,,,,,,,,,Step 4 shows the entire fleet (30+ other vehicles never chosen in Step 1) with no visual distinction of in-scope vs out-of-scope options.,,,Trackofy,ApprovalsCFValue{approvals=[]},,,,,,Staging,,,,,Step 4's unit list should be filtered to (or visually flag) Step 1's selected vehicle scope.,,,,,,,Administrator,,Web,,,0|i000jn:,,,Low,,"1. Open Administrator > Create User wizard.
2. In Step 1, select only one vehicle.
3. In Step 4, observe the unit selector's full option list.",,,,,,,,,V6.2,,,,,,,To Do,07/Sep/26 3:26 PM
"Add Group' on the Create User wizard re-fetches its static menu list from the API on every click, with no loading indicator or debounce",AS-170,11253,Bug,Ready for QA,AS,Atlanta Systems,software,Atlanta Systems,712020:e66930c7-bc11-4320-ade0-445deb2a1124,,Medium,,Smriti Singh,712020:f73cd1d4-1898-4661-81a4-15f4ec8d2dfd,divakar,712020:63217d10-ba4d-43b3-932b-edc4035eb689,divakar,712020:63217d10-ba4d-43b3-932b-edc4035eb689,07/Sep/26 3:26 PM,10/Sep/26 4:58 PM,,,,0,administrator,create-user,debounce,performance,trackofy,ui,,,,,,"Clicking 'Add Group' in Step 2 always re-fetches an effectively static menu list (multi-second unindicated delay) and has no debounce, so rapid clicks stack multiple duplicate dialogs.",,divakar,,712020:63217d10-ba4d-43b3-932b-edc4035eb689,,,,,,,,,,,,Every click re-issues the same API call with no loading feedback; rapid clicks stack one independent dialog per click (confirmed 1 -> 4 dialogs after 3 rapid clicks).,,,Trackofy,ApprovalsCFValue{approvals=[]},,,,,,Staging,,,,,The menu list should be fetched once and cached/reused; the button should be disabled or debounced while a fetch/dialog-open is in progress.,,,,,,,Administrator,,Web,,,0|i000jf:,,,Low,,"1. Open Administrator > Create User wizard, Step 2 (Menu Access).
2. Click 'Add Group' once and time the delay before the dialog appears.
3. Click 'Add Group' multiple times rapidly.
4. Count open dialogs.",,,,,,,,,V6.2,,,,,,,To Do,07/Sep/26 3:26 PM
Closing the Create User wizard without clicking Submit still permanently creates the user,AS-169,11252,Bug,Ready for QA,AS,Atlanta Systems,software,Atlanta Systems,712020:e66930c7-bc11-4320-ade0-445deb2a1124,,High,,Smriti Singh,712020:f73cd1d4-1898-4661-81a4-15f4ec8d2dfd,divakar,712020:63217d10-ba4d-43b3-932b-edc4035eb689,divakar,712020:63217d10-ba4d-43b3-932b-edc4035eb689,07/Sep/26 3:26 PM,09/Sep/26 4:08 PM,,,,0,administrator,create-user,data-integrity,security,trackofy,wizard,,,,,,"Step 1 to Step 2 of the Create User wizard makes a real, immediate save API call; closing the wizard at any later point without ever clicking Submit does not roll back the already-created user.",,divakar,,712020:63217d10-ba4d-43b3-932b-edc4035eb689,,,,,,,,,,,,"A real, permanent user account is created with default/empty authorization the moment Step 1's Next Step is clicked, regardless of whether the wizard is ever completed or submitted.",,,Trackofy,ApprovalsCFValue{approvals=[]},,,,,,Staging,,,,,"A user should only be considered created after the final Submit succeeds, per the module's own design intent.",,,,,,,Administrator,,Web,,,0|i000j7:,,,High,,"1. Open Administrator > Create User.
2. Fill Step 1 and click Next Step.
3. Progress through further steps without configuring menu/permissions if desired.
4. Close the wizard via the 'X' icon instead of clicking Submit.
5. Check User Management.",,,,,,,,,V6.2,,,,,,,To Do,07/Sep/26 3:26 PM
A 'Map only' GeoLink still exposes the vehicle's identifying registration number to anonymous visitors,AS-168,11251,Bug,Ready for QA,AS,Atlanta Systems,software,Atlanta Systems,712020:e66930c7-bc11-4320-ade0-445deb2a1124,,High,,Smriti Singh,712020:f73cd1d4-1898-4661-81a4-15f4ec8d2dfd,divakar,712020:63217d10-ba4d-43b3-932b-edc4035eb689,divakar,712020:63217d10-ba4d-43b3-932b-edc4035eb689,07/Sep/26 3:26 PM,11/Sep/26 4:04 PM,,,,0,geolinks,home,information-disclosure,security,trackofy,,,,,,,Creating a 'Map only' GeoLink (promised as 'vehicle location without details') and opening its public URL in an unauthenticated context shows the vehicle's full registration/identifying string anyway.,,divakar,Smriti Singh,712020:63217d10-ba4d-43b3-932b-edc4035eb689,712020:f73cd1d4-1898-4661-81a4-15f4ec8d2dfd,,,,,,,,,,,"The vehicle's full registration/identifying string is shown directly on the page, alongside status and distance -- contradicting the access level's own stated promise.",,,Trackofy,ApprovalsCFValue{approvals=[]},,,,,,Staging,,,,,"A 'Map only' link should show only an anonymous location pin, with no vehicle-identifying details.",,,,,,,Home - GeoLinks,,Web,,,0|i000iz:,,,High,,"1. Open Home > GeoLinks.
2. Create a 'Map only' share link for a vehicle.
3. Open the real public URL in a fresh, unauthenticated browser context (no login/cookies).
4. Observe the page content.",,,,,,,,,V6.2,,,2026-09-11 10:34:08.28,,"11/Sep/26 4:04 PM;712020:f73cd1d4-1898-4661-81a4-15f4ec8d2dfd;As the geolinks are shared to external user with no idea of trackofy portal and vehicle, not showing even the basic detail will cause confusion so it is needed to do that way.",,To Do,07/Sep/26 3:26 PM
Two of a Group's five status chips ('Active' and 'No Data') always filter Fleet to zero vehicles,AS-167,11250,Bug,Ready for QA,AS,Atlanta Systems,software,Atlanta Systems,712020:e66930c7-bc11-4320-ade0-445deb2a1124,,High,,Smriti Singh,712020:f73cd1d4-1898-4661-81a4-15f4ec8d2dfd,divakar,712020:63217d10-ba4d-43b3-932b-edc4035eb689,divakar,712020:63217d10-ba4d-43b3-932b-edc4035eb689,07/Sep/26 3:26 PM,09/Sep/26 5:10 PM,,,,0,filter,fleet,functional,groups,home,trackofy,,,,,,"On Home's Groups tab, clicking the 'Active' or 'No Data' status chip always filters Fleet to 0 vehicles regardless of the group or the chip's own displayed count; Running/Idle/Stopped work correctly.",,divakar,,712020:63217d10-ba4d-43b3-932b-edc4035eb689,,,,,,,,,,,,"Fleet always shows 0 vehicles for 'Active' and 'No Data' chips, confirmed across multiple groups and both large and single-vehicle samples.",,,Trackofy,ApprovalsCFValue{approvals=[]},,,,,,Staging,,,,,"Clicking a status chip should filter Fleet to the matching vehicles, consistent with the chip's own count.",,,,,,,Home,,Web,,,0|i000ir:,,,High,,"1. Open Home > Groups tab.
2. Click the 'Active (N)' or 'No Data (N)' chip on any group card.
3. Observe the filtered Fleet list.",,,,,,,,,V6.2,,,,,,,To Do,07/Sep/26 3:26 PM
KPI Settings' 'Select All' paradoxically deselects down to the protected minimum when already fully selected,AS-166,11249,Bug,Ready for QA,AS,Atlanta Systems,software,Atlanta Systems,712020:e66930c7-bc11-4320-ade0-445deb2a1124,,Medium,,Smriti Singh,712020:f73cd1d4-1898-4661-81a4-15f4ec8d2dfd,divakar,712020:63217d10-ba4d-43b3-932b-edc4035eb689,divakar,712020:63217d10-ba4d-43b3-932b-edc4035eb689,07/Sep/26 3:26 PM,10/Sep/26 11:02 PM,10/Sep/26 11:15 PM,,,0,data-loss,functional,home,kpi,settings,trackofy,,,,,,"Clicking 'Select All' in Home's KPI Settings while already at full selection (10/10) drops the selection down to the protected minimum (6) instead of staying at 10, with no relabeling of the button.",,divakar,,712020:63217d10-ba4d-43b3-932b-edc4035eb689,,,,,,,,,,,,"The selection drops to the protected minimum of 6, silently removing 4 KPIs once Save is clicked.",,,Trackofy,ApprovalsCFValue{approvals=[]},,,,,,Staging,,,,,Clicking 'Select All' while already fully selected should be a no-op (stay at 10 selected).,,,,,,,Home,,Web,,,0|i000ij:,,,High,,"1. Open Home > KPI Settings with all 10 KPIs already selected.
2. Click 'Select All' again.
3. Click Save.
4. Observe the header KPIs.",,,,,,,,,V6.2,,,,,,,To Do,07/Sep/26 3:26 PM
"Fleet Summary with all vehicles selected hangs on 'Generating...' forever, even though both backend calls succeed",AS-165,11248,Bug,Ready for QA,AS,Atlanta Systems,software,Atlanta Systems,712020:e66930c7-bc11-4320-ade0-445deb2a1124,,High,,Smriti Singh,712020:f73cd1d4-1898-4661-81a4-15f4ec8d2dfd,divakar,712020:63217d10-ba4d-43b3-932b-edc4035eb689,divakar,712020:63217d10-ba4d-43b3-932b-edc4035eb689,07/Sep/26 3:26 PM,09/Sep/26 6:07 PM,,,,0,blocker,fleet-summary,functional,reports,select-all,trackofy,ui,,,,,"Selecting all vehicles via 'Select All' for Fleet Summary and generating never renders a result, despite both underlying API calls returning HTTP 200 -- the frontend never transitions out of the loading state.",,divakar,,712020:63217d10-ba4d-43b3-932b-edc4035eb689,,,,,,,,,,,,"The Generate button stays permanently on 'Generating...'; the table shows a static loading skeleton with 0 real rows bound, despite both backend calls succeeding.",,,Trackofy,ApprovalsCFValue{approvals=[]},,,,,,Staging,,,,,The report/KPI cards should render using the successfully-returned data.,,,,,,,Reports,,Web,,,0|i000ib:,,,High,,"1. Open Reports > Standard > Fleet Summary.
2. Click 'Select All' to select all vehicles.
3. Click Generate.
4. Wait 45+ seconds.",,,,,,,,,V6.2,,,,,,,To Do,07/Sep/26 3:26 PM
A failed report-generation request leaves the UI permanently stuck on 'Generating...',AS-164,11247,Bug,Ready for QA,AS,Atlanta Systems,software,Atlanta Systems,712020:e66930c7-bc11-4320-ade0-445deb2a1124,,High,,Smriti Singh,712020:f73cd1d4-1898-4661-81a4-15f4ec8d2dfd,divakar,712020:63217d10-ba4d-43b3-932b-edc4035eb689,divakar,712020:63217d10-ba4d-43b3-932b-edc4035eb689,07/Sep/26 3:26 PM,09/Sep/26 6:25 PM,,,,0,error-handling,functional,reports,trackofy,ui,,,,,,,"If the report-table API call fails at the network level, the Generate button switches to 'Generating...' and never recovers -- no error, no retry, no timeout handling.",,divakar,,712020:63217d10-ba4d-43b3-932b-edc4035eb689,,,,,,,,,,,,The button permanently shows 'Generating...' with no error message or retry affordance; the only escape is leaving the report form.,,,Trackofy,ApprovalsCFValue{approvals=[]},,,,,,Staging,,,,,"The UI should show an error/retry state after a failed request, not remain stuck loading indefinitely.",,,,,,,Reports,,Web,,,0|i000i3:,,,High,,"1. Open any Standard Report.
2. Simulate/encounter a network failure during Generate (e.g. connection drop).
3. Observe the Generate button.",,,,,,,,,V6.2,,,,,,,To Do,07/Sep/26 3:26 PM
"Fleet Summary KPI cards can display a stale value from an earlier, slower request",AS-163,11246,Bug,Ready for QA,AS,Atlanta Systems,software,Atlanta Systems,712020:e66930c7-bc11-4320-ade0-445deb2a1124,,High,,Smriti Singh,712020:f73cd1d4-1898-4661-81a4-15f4ec8d2dfd,divakar,712020:63217d10-ba4d-43b3-932b-edc4035eb689,divakar,712020:63217d10-ba4d-43b3-932b-edc4035eb689,07/Sep/26 3:26 PM,10/Sep/26 11:58 AM,,,,0,fleet-summary,functional,kpi,race-condition,reports,trackofy,,,,,,The KPI cards are populated from a separate API call with no request-sequencing guard; a slower earlier all-vehicles request can overwrite the cards with stale data after a faster later single-vehicle request has already rendered correctly.,,divakar,,712020:63217d10-ba4d-43b3-932b-edc4035eb689,,,,,,,,,,,,"The KPI cards briefly show the correct single-vehicle value, then get overwritten back to the stale all-vehicles value once the slower request resolves.",,,Trackofy,ApprovalsCFValue{approvals=[]},,,,,,Staging,,,,,The KPI cards should reflect the currently-selected filter/report only.,,,,,,,Reports,,Web,,,0|i000hv:,,,High,,"1. Open Reports > Standard > Fleet Summary.
2. Generate for all vehicles (slow).
3. Immediately switch to and generate for a single vehicle (fast, resolves first).
4. Wait for the slow request to also resolve.",,,,,,,,,V6.2,,,,,,,To Do,07/Sep/26 3:26 PM
"Vehicle Summary, Trip Report and Cumulative Distance fail with a raw SQL error for any date range whose monthly telemetry table doesn't exist",AS-162,11245,Bug,Ready for QA,AS,Atlanta Systems,software,Atlanta Systems,712020:e66930c7-bc11-4320-ade0-445deb2a1124,,High,,Smriti Singh,712020:f73cd1d4-1898-4661-81a4-15f4ec8d2dfd,divakar,712020:63217d10-ba4d-43b3-932b-edc4035eb689,divakar,712020:63217d10-ba4d-43b3-932b-edc4035eb689,07/Sep/26 3:26 PM,11/Sep/26 10:02 AM,,,,0,api,data-provisioning,information-disclosure,reports,sql-error,trackofy,,,,,,"These three reports' queries reference a monthly telemetry partition table directly; when no partition exists for the requested month, the query throws a raw SQL 500 instead of returning zero rows -- reproduces for any month with no data, not one isolated case.",,divakar,,712020:63217d10-ba4d-43b3-932b-edc4035eb689,,,,,,,,,,,,HTTP 500 with a raw SQLSTATE[42S02] 'Invalid object name' error (referencing the specific missing monthly partition table) in the response body.,,,Trackofy,ApprovalsCFValue{approvals=[]},,,,,,Staging,,,,,The report should return a clean 'no data' state for a date range with no telemetry.,,,,,,,Reports,,Web,,,0|i000hn:,,,High,,"1. Open Reports > Standard > Vehicle Summary (or Trip Report / Cumulative Distance).
2. Select a date range in a month with no telemetry data for the account.
3. Generate.",,,,,,,,,V6.2,,,,,,,To Do,10/Sep/26 3:12 PM
Create Driver: raw SQL truncation error leaks through the API when email is too long,AS-161,11244,Bug,Ready for QA,AS,Atlanta Systems,software,Atlanta Systems,712020:e66930c7-bc11-4320-ade0-445deb2a1124,,High,,Smriti Singh,712020:f73cd1d4-1898-4661-81a4-15f4ec8d2dfd,divakar,712020:63217d10-ba4d-43b3-932b-edc4035eb689,divakar,712020:63217d10-ba4d-43b3-932b-edc4035eb689,07/Sep/26 3:26 PM,10/Sep/26 12:57 PM,,,,0,api,driver,information-disclosure,settings,sql-error,trackofy,,,,,,"Submitting Create Driver with an email address around 31+ characters returns an HTTP 500 with a raw, unhandled SQL Server truncation error, with no client-side length validation to catch it first.",,divakar,,712020:63217d10-ba4d-43b3-932b-edc4035eb689,,,,,,,,,,,,HTTP 500 from POST /api/add-driver with the raw SQLSTATE[42000] truncation error (table/column names) in the response body.,,,Trackofy,ApprovalsCFValue{approvals=[]},,,,,,Staging,,,,,"The form should validate email length client-side, or the server should return a clean validation error.",,,,,,,Settings - Driver,,Web,,,0|i000hf:,,,High,,"1. Open Settings > Driver > Create Driver.
2. Fill a valid-looking form with an email address 31+ characters long.
3. Submit.",,,,,,,,,V6.2,,,,,,,To Do,07/Sep/26 3:26 PM
Driver list export downloads a file misnamed 'Unit_List',AS-160,11243,Bug,Ready for QA,AS,Atlanta Systems,software,Atlanta Systems,712020:e66930c7-bc11-4320-ade0-445deb2a1124,,Low,,Smriti Singh,712020:f73cd1d4-1898-4661-81a4-15f4ec8d2dfd,divakar,712020:63217d10-ba4d-43b3-932b-edc4035eb689,divakar,712020:63217d10-ba4d-43b3-932b-edc4035eb689,07/Sep/26 3:26 PM,11/Sep/26 11:22 AM,,,,0,driver,export,settings,trackofy,ui,,,,,,,"Exporting the Driver list to CSV produces correct driver data inside the file, but the downloaded filename reads Unit_List_(date).csv.",,divakar,,712020:63217d10-ba4d-43b3-932b-edc4035eb689,,,,,,,,,,,,"The file contains correct driver data but is named Unit_List_(date).csv, a name belonging to a different module.",,,Trackofy,ApprovalsCFValue{approvals=[]},,,,,,Staging,,,,,The exported file should be named after the Driver dataset (e.g. Driver_List_(date).csv).,,,,,,,Settings - Cross-cutting,,Web,,,0|i000h7:,,,Low,,"1. Open Settings > Driver.
2. Use the Export action on the driver list.
3. Check the downloaded filename.",,,,,,,,,V6.2,,,,,,,To Do,07/Sep/26 3:26 PM
Driver create form: Address field visually appears empty after typing,AS-159,11242,Bug,Ready for QA,AS,Atlanta Systems,software,Atlanta Systems,712020:e66930c7-bc11-4320-ade0-445deb2a1124,,Low,,Smriti Singh,712020:f73cd1d4-1898-4661-81a4-15f4ec8d2dfd,divakar,712020:63217d10-ba4d-43b3-932b-edc4035eb689,divakar,712020:63217d10-ba4d-43b3-932b-edc4035eb689,07/Sep/26 3:26 PM,11/Sep/26 11:22 AM,,,,0,driver,settings,trackofy,ui,usability,,,,,,,"The multi-line Address textbox's visible viewport scrolls to show the last line after typing, making the field look empty when only one line was entered.",,divakar,,712020:63217d10-ba4d-43b3-932b-edc4035eb689,,,,,,,,,,,,"The typed text is present in the DOM but the field's visible viewport shows blank space, appearing empty.",,,Trackofy,ApprovalsCFValue{approvals=[]},,,,,,Staging,,,,,The field should visibly show the entered text.,,,,,,,Settings - Driver,,Web,,,0|i000gz:,,,Low,,"1. Open Settings > Driver > Create Driver.
2. Type a short, single-line address into the Address field.
3. Observe the field's visible contents.",,,,,,,,,V6.2,,,,,,,To Do,07/Sep/26 3:26 PM
Driver create form: Address field is silently required,AS-158,11241,Bug,Ready for QA,AS,Atlanta Systems,software,Atlanta Systems,712020:e66930c7-bc11-4320-ade0-445deb2a1124,,Low,,Smriti Singh,712020:f73cd1d4-1898-4661-81a4-15f4ec8d2dfd,divakar,712020:63217d10-ba4d-43b3-932b-edc4035eb689,divakar,712020:63217d10-ba4d-43b3-932b-edc4035eb689,07/Sep/26 3:26 PM,11/Sep/26 10:48 AM,,,,0,driver,settings,trackofy,ui,usability,validation,,,,,,"The Create Driver button stays disabled until Address is filled, but Address has no visible required-field asterisk, unlike Name/Mobile/Email/DOB/DL.",,divakar,,712020:63217d10-ba4d-43b3-932b-edc4035eb689,,,,,,,,,,,,"Create Driver stays disabled until Address is filled, with no visible indication that Address is required.",,,Trackofy,ApprovalsCFValue{approvals=[]},,,,,,Staging,,,,,"Every field required for the button to enable should be visibly marked as required, or the button should enable without it.",,,,,,,Settings - Driver,,Web,,,0|i000gr:,,,Low,,"1. Open Settings > Driver > Create Driver.
2. Fill only the visibly-marked required fields (those with an asterisk), leaving Address blank.
3. Observe the Create button.",,,,,,,,,V6.2,,,,,,,To Do,07/Sep/26 3:26 PM
Route Name is not actually enforced as mandatory,AS-157,11240,Bug,Ready for QA,AS,Atlanta Systems,software,Atlanta Systems,712020:e66930c7-bc11-4320-ade0-445deb2a1124,,Medium,,Smriti Singh,712020:f73cd1d4-1898-4661-81a4-15f4ec8d2dfd,divakar,712020:63217d10-ba4d-43b3-932b-edc4035eb689,divakar,712020:63217d10-ba4d-43b3-932b-edc4035eb689,07/Sep/26 3:26 PM,11/Sep/26 6:46 PM,,,,0,data-integrity,route-management,settings,trackofy,validation,,,,,,,Leaving Route Name blank while saving a route (with valid origin/destination) succeeds; the app silently defaults the name to 'My Route' instead of rejecting the submission.,,divakar,,712020:63217d10-ba4d-43b3-932b-edc4035eb689,,,,,,,,,,,,"The route saves successfully with the name silently defaulted to 'My Route', contradicting the documented mandatory requirement.",,,Trackofy,ApprovalsCFValue{approvals=[]},,,,,,Staging,,,,,"The form should reject the submission and require a route name, per the form's own 'mandatory' hint text.",,,,,,,Settings - Route Management,,Web,,,0|i000gj:,,,Low,,"1. Open Settings > Route Management > Create Route.
2. Fill valid origin/destination but leave Route Name blank.
3. Save.",,,,,,,,,V6.2,,,,,,,To Do,07/Sep/26 3:26 PM
Leaving the Create Route page redirects to Dashboard instead of Route Management,AS-156,11239,Bug,Ready for QA,AS,Atlanta Systems,software,Atlanta Systems,712020:e66930c7-bc11-4320-ade0-445deb2a1124,,Medium,,Smriti Singh,712020:f73cd1d4-1898-4661-81a4-15f4ec8d2dfd,divakar,712020:63217d10-ba4d-43b3-932b-edc4035eb689,divakar,712020:63217d10-ba4d-43b3-932b-edc4035eb689,07/Sep/26 3:26 PM,10/Sep/26 6:05 PM,,,,0,navigation,route-management,settings,trackofy,ui,,,,,,,Clicking Save Route (or Cancel on the Custom Route sub-tab) navigates to /home (Dashboard) instead of back to /settings/route.,,divakar,Smriti Singh,712020:63217d10-ba4d-43b3-932b-edc4035eb689,712020:f73cd1d4-1898-4661-81a4-15f4ec8d2dfd,,,,,,,,,,,"The app navigates to /home (the main Dashboard) instead, in both the Save and Cancel cases.",,,Trackofy,ApprovalsCFValue{approvals=[]},,,,,,Staging,,,,,The app should return to Route Management (/settings/route) after Save or Cancel.,,,,,,,Settings - Route Management,,Web,,,0|i000gb:,,,High,,"1. Open Settings > Route Management > Create Route.
2. Fill in a valid route and click Save Route (or Cancel with no changes).
3. Observe the resulting page.",,,,,,,,,V6.2,,,2026-09-10 12:35:27.097,,10/Sep/26 6:05 PM;712020:f73cd1d4-1898-4661-81a4-15f4ec8d2dfd;It will redirect to last visited route.,,To Do,07/Sep/26 3:26 PM
BMS Alert and Vehicle Odometer Alert: list never shows a newly created record,AS-155,11238,Bug,Ready for QA,AS,Atlanta Systems,software,Atlanta Systems,712020:e66930c7-bc11-4320-ade0-445deb2a1124,,High,,Smriti Singh,712020:f73cd1d4-1898-4661-81a4-15f4ec8d2dfd,divakar,712020:63217d10-ba4d-43b3-932b-edc4035eb689,divakar,712020:63217d10-ba4d-43b3-932b-edc4035eb689,07/Sep/26 3:26 PM,10/Sep/26 1:04 PM,,,,0,alerts,bms,data-integrity,functional,odometer,settings,trackofy,,,,,"Creating a BMS Alert or Vehicle Odometer Alert shows a success toast and closes the dialog, but the list still reads 'No alerts found' even after a full page reload.",,divakar,,712020:63217d10-ba4d-43b3-932b-edc4035eb689,,,,,,,,,,,,"A success toast appears but the list still shows 'No BMS alerts found' / 'No vehicle odometer alerts found', even after a full reload.",,,Trackofy,ApprovalsCFValue{approvals=[]},,,,,,Staging,,,,,The newly created alert should appear in the list.,,,,,,,Settings - Alerts,,Web,,,0|i000g3:,,,High,,"1. Open Settings > Alert > BMS Alert (or Vehicle Odometer Alert).
2. Create a new alert configuration.
3. Observe the success toast.
4. Reload the page and check the list.",,,,,,,,,V6.2,,,,,,,To Do,07/Sep/26 3:26 PM
POI Alert creation fails server-side despite a fully valid form,AS-154,11237,Bug,Ready for QA,AS,Atlanta Systems,software,Atlanta Systems,712020:e66930c7-bc11-4320-ade0-445deb2a1124,,High,,Smriti Singh,712020:f73cd1d4-1898-4661-81a4-15f4ec8d2dfd,divakar,712020:63217d10-ba4d-43b3-932b-edc4035eb689,divakar,712020:63217d10-ba4d-43b3-932b-edc4035eb689,07/Sep/26 3:26 PM,10/Sep/26 2:23 PM,,,,0,alerts,functional,poi,settings,trackofy,validation,,,,,,"Creating a POI Alert with a valid unit, POI, and notification channel selected (Angular form reports fully valid, Create Alert enabled) fails server-side with 'Missing required fields'.",,divakar,,712020:63217d10-ba4d-43b3-932b-edc4035eb689,,,,,,,,,,,,"An error toast 'Missing required fields' appears and the dialog stays open, with no indication of which field is actually missing.",,,Trackofy,ApprovalsCFValue{approvals=[]},,,,,,Staging,,,,,The alert should be created successfully given a fully valid form.,,,,,,,Settings - Alerts,,Web,,,0|i000fv:,,,High,,"1. Open Settings > Alert > POI Alert.
2. Select a unit, a POI, and a notification channel.
3. Click Create Alert.",,,,,,,,,V6.2,,,,,,,To Do,07/Sep/26 3:26 PM
Assign Unit dialog: 'Assign Units' button never enables (feature unusable),AS-153,11236,Bug,Ready for QA,AS,Atlanta Systems,software,Atlanta Systems,712020:e66930c7-bc11-4320-ade0-445deb2a1124,,High,,Smriti Singh,712020:f73cd1d4-1898-4661-81a4-15f4ec8d2dfd,divakar,712020:63217d10-ba4d-43b3-932b-edc4035eb689,divakar,712020:63217d10-ba4d-43b3-932b-edc4035eb689,07/Sep/26 3:26 PM,10/Sep/26 2:31 PM,,,,0,assign-unit,blocker,functional,location-control,settings,trackofy,,,,,,"In the 'Assign units to location' dialog, selecting vehicles registers at the option level but the dialog's own selected-count badge stays at '0 selected', keeping Assign Units permanently disabled.",,divakar,,712020:63217d10-ba4d-43b3-932b-edc4035eb689,,,,,,,,,,,,The counter stays at '0 selected' regardless of selection and Assign Units remains permanently disabled -- the feature cannot be used via the UI.,,,Trackofy,ApprovalsCFValue{approvals=[]},,,,,,Staging,,,,,The counter should reflect the real selection and Assign Units should enable once at least one vehicle is selected.,,,,,,,Settings - Location Control,,Web,,,0|i000fn:,,,High,,"1. Open Settings > Location Control.
2. Open 'Assign units to location' for any location.
3. Select one or more vehicles from the multi-select.
4. Observe the selected-count badge and the Assign Units button.",,,,,,,,,V6.2,,,,,,,To Do,07/Sep/26 3:26 PM
Playback View' preset doesn't reliably return to the Playback tab,AS-151,11234,Bug,Ready for QA,AS,Atlanta Systems,software,Atlanta Systems,712020:e66930c7-bc11-4320-ade0-445deb2a1124,,Medium,,Smriti Singh,712020:f73cd1d4-1898-4661-81a4-15f4ec8d2dfd,divakar,712020:63217d10-ba4d-43b3-932b-edc4035eb689,divakar,712020:63217d10-ba4d-43b3-932b-edc4035eb689,07/Sep/26 3:26 PM,11/Sep/26 4:04 PM,,,,0,functional,playback,state,tracking,trackofy,ui,,,,,,"After playback data has loaded and the panel is collapsed then reopened via 'Playback View', the panel shows the Live Tracking tab instead of Playback, despite playback controls still being visible on the map.",,divakar,,712020:63217d10-ba4d-43b3-932b-edc4035eb689,,,,,,,,,,,,"The panel reopens on the Live Tracking tab instead, while playback player controls remain visible above it.",,,Trackofy,ApprovalsCFValue{approvals=[]},,,,,,Staging,,,,,"The panel should reopen on the Playback tab, consistent with the button's own label.",,,,,,,Tracking - Playback,,Web,,,0|i000f7:,,,Low,,"1. Load playback data for a unit.
2. Collapse the bottom panel (Map Focus).
3. Reopen it via the 'Playback View' preset button.
4. Observe which tab is shown.",,,,,,,,,V6.2,,,,,,,To Do,07/Sep/26 3:26 PM
Playback From/To Date: entered value is silently transposed (day/month swapped),AS-150,11233,Bug,Ready for QA,AS,Atlanta Systems,software,Atlanta Systems,712020:e66930c7-bc11-4320-ade0-445deb2a1124,,High,,Smriti Singh,712020:f73cd1d4-1898-4661-81a4-15f4ec8d2dfd,divakar,712020:63217d10-ba4d-43b3-932b-edc4035eb689,divakar,712020:63217d10-ba4d-43b3-932b-edc4035eb689,07/Sep/26 3:26 PM,10/Sep/26 3:40 PM,,,,0,data-integrity,date-parsing,playback,reports,tracking,trackofy,,,,,,"From/To Date fields display DD/MM/YYYY but any entered value is parsed as MM/DD/YYYY, silently swapping day and month for day<=12. Also confirmed in Reports' Start/End Date fields.",,divakar,,712020:63217d10-ba4d-43b3-932b-edc4035eb689,,,,,,,,,,,,"The value is silently reinterpreted as MM/DD (9 March) and redisplayed as 09/03/2026, with no warning.",,,Trackofy,ApprovalsCFValue{approvals=[]},,,,,,Staging,,,,,"The entered date should be interpreted and redisplayed as DD/MM/YYYY, i.e. 3 September stays 03/09/2026.",,,,,,,Tracking - Playback,,Web,,,0|i000ez:,,,High,,"1. Open Tracking > Playback (or Reports standard report).
2. Enter a date with day <=12, e.g. 03/09/2026 intending 3 September.
3. Observe the redisplayed value.",,,,,,,,,V6.2,,,,,,,To Do,07/Sep/26 3:26 PM
Today' quick date-filter sends an empty date range,AS-145,11228,Bug,Ready for QA,AS,Atlanta Systems,software,Atlanta Systems,712020:e66930c7-bc11-4320-ade0-445deb2a1124,,Medium,,Smriti Singh,712020:f73cd1d4-1898-4661-81a4-15f4ec8d2dfd,divakar,712020:63217d10-ba4d-43b3-932b-edc4035eb689,divakar,712020:63217d10-ba4d-43b3-932b-edc4035eb689,07/Sep/26 3:26 PM,11/Sep/26 4:02 PM,,,,0,api,dashboard,date-filter,functional,trackofy,,,,,,,Selecting the Today quick filter on a dashboard card issues the underlying API request with empty from_date/to_date parameters instead of today's date.,,divakar,Smriti Singh,712020:63217d10-ba4d-43b3-932b-edc4035eb689,712020:f73cd1d4-1898-4661-81a4-15f4ec8d2dfd,,,,,,,,,,,The request is sent with empty from_date/to_date parameters; the card shows unfiltered (all-time) data instead of today's.,,,Trackofy,ApprovalsCFValue{approvals=[]},,,,,,Staging,,,,,The API request should carry today's actual date as from_date/to_date and the card should show only today's data.,,,,,,,Dashboard,,Web,,,0|i000dv:,,,High,,"1. Log in and open Dashboard (/home).
2. Open any KPI/card date filter.
3. Select the 'Today' quick filter.
4. Inspect the API request payload.",,,,,,,,,V6.2,,,2026-09-11 10:32:17.916,,"11/Sep/26 4:02 PM;712020:f73cd1d4-1898-4661-81a4-15f4ec8d2dfd;It is the requirement for the api, so it is correct",,To Do,07/Sep/26 3:26 PM
[My Profile] Profile photo is updated successfully but is not displayed in the UI,AS-59,10869,Bug,Ready for QA,AS,Atlanta Systems,software,Atlanta Systems,712020:e66930c7-bc11-4320-ade0-445deb2a1124,,Medium,,Kanika Maheshwari,712020:e94d713c-d65d-4cc7-a599-560b2df12653,divakar,712020:63217d10-ba4d-43b3-932b-edc4035eb689,divakar,712020:63217d10-ba4d-43b3-932b-edc4035eb689,07/Aug/26 4:20 PM,08/Sep/26 11:42 AM,,,,0,display,image_upload,profile,profile_photo,ui,,,,,,,"When a user updates their *profile photo* from the *My Profile* page, the upload operation completes successfully. However, the newly uploaded profile picture is *not displayed in the UI*. The profile image area continues to show the previous image or a placeholder instead of the updated photo.

This indicates that while the backend successfully updates the profile picture, the frontend fails to reflect the updated image.",,divakar,,712020:63217d10-ba4d-43b3-932b-edc4035eb689,,,,,,,,,,07/Aug/26 4:58 PM;ug:00e6473d-38d0-475c-828b-f49ed6d7bd06;myprofiephotobug.jpg;https://systemsatlanta.atlassian.net/rest/api/3/attachment/content/10463,,"The profile photo is updated successfully, but the new image is not displayed in the UI. The old image or default placeholder continues to be shown.",,,Trackofy,ApprovalsCFValue{approvals=[]},,,,,,Prod,,,,,The newly uploaded profile photo should be displayed immediately after a successful update without requiring additional user actions.,,,,,,,My Profile,,Web,,,0|i000cz:,,,Highest,,"# Log in to the Trackofy application.
# Navigate to *My Profile*.
# Click on the profile photo or *Change Photo* option.
# Select a valid image file.
# Save or upload the new profile picture.
# Observe the profile image displayed on the page.",,,,,,,,,6.0,,,,,,,To Do,07/Aug/26 4:20 PM
[Asset Management] Long text values in exported PDF are clipped instead of wrapping within the table,AS-55,10801,Bug,Ready for QA,AS,Atlanta Systems,software,Atlanta Systems,712020:e66930c7-bc11-4320-ade0-445deb2a1124,,High,,Kanika Maheshwari,712020:e94d713c-d65d-4cc7-a599-560b2df12653,divakar,712020:63217d10-ba4d-43b3-932b-edc4035eb689,divakar,712020:63217d10-ba4d-43b3-932b-edc4035eb689,06/Aug/26 1:07 PM,07/Sep/26 12:40 PM,,,,0,Asset_Managment,Layout,pdf,print_preview,trackofy,,,,,,,"When exporting the *Document Types* report to *PDF* (or viewing the Print Preview), records containing very long text strings are not handled correctly. Instead of wrapping the content within the table cell or truncating it appropriately, the text extends beyond the page boundary and is clipped from the right side.

As a result, the exported document becomes unreadable and the report formatting is broken.",,divakar,,712020:63217d10-ba4d-43b3-932b-edc4035eb689,,,,,,,,,,06/Aug/26 1:06 PM;ug:00e6473d-38d0-475c-828b-f49ed6d7bd06;Screenshot 2026-08-05 121722.jpg;https://systemsatlanta.atlassian.net/rest/api/3/attachment/content/10396,17/Aug/26 1:08 PM;ug:00e6473d-38d0-475c-828b-f49ed6d7bd06;document types pdf file bug.jpg;https://systemsatlanta.atlassian.net/rest/api/3/attachment/content/10563,"Long text extends beyond the table width and is clipped from the right side in the PDF/Print Preview, making part of the content unreadable and disrupting the report layout.",,,Trackofy,ApprovalsCFValue{approvals=[]},,,,,,Staging,,,,,"The exported PDF should maintain a proper table layout. Long text should either:

* Wrap onto the next line within the table cell,
* Adjust the row height accordingly,",,,,,,,Asset Management,,Web,,,0|i0007v:,,,Highest,,"# Log in to the Trackofy application.
# Navigate to *Asset Management → Document Types*.
# Create or use a record with an exceptionally long string in the *Document Type Name* field.
# Export the report as *PDF* or open the *Print Preview*.
# Observe the generated document.",,,,,,,,,6.0,,,,,"17/Aug/26 1:08 PM;712020:63217d10-ba4d-43b3-932b-edc4035eb689;Moving to TO DO because pdf file still doesn’t handle large input value properly

[~accountid:712020:e94d713c-d65d-4cc7-a599-560b2df12653]


!document types pdf file bug.jpg|width=631,alt=""document types pdf file bug.jpg""!",,To Do,07/Sep/26 12:40 PM
[Help Center] Help Center links are non-functional and do not open their respective pages,AS-51,10765,Bug,Ready for QA,AS,Atlanta Systems,software,Atlanta Systems,712020:e66930c7-bc11-4320-ade0-445deb2a1124,,Medium,,Smriti Singh,712020:f73cd1d4-1898-4661-81a4-15f4ec8d2dfd,divakar,712020:63217d10-ba4d-43b3-932b-edc4035eb689,divakar,712020:63217d10-ba4d-43b3-932b-edc4035eb689,04/Aug/26 3:15 PM,11/Sep/26 4:05 PM,,,,0,bug,functional,help-center,Links,trackofy,,,,,,,"The links available in the *Help Center* are non-functional. Clicking on any help article or navigation link does not open the corresponding page, documentation, or resource. There is no redirection, page load, or feedback provided to the user.",,divakar,Smriti Singh,712020:63217d10-ba4d-43b3-932b-edc4035eb689,712020:f73cd1d4-1898-4661-81a4-15f4ec8d2dfd,,,,,,,,,,,"Clicking on Help Center links has no effect. No page is opened, no navigation occurs, and no error message is displayed.",,,Trackofy,ApprovalsCFValue{approvals=[]},,,,,,Prod,,,,,"The selected Help Center link should navigate the user to the corresponding help article, documentation page, or external resource.",,,,,,,Help Center,,Web,,,0|i000b7:,,,High,,"# Log in to the Trackofy application.
# Navigate to the *Help Center*.
# Click on any available help article or link.
# Observe the behavior.",,,,,,,,, 6.2,,,2026-09-11 10:35:39.688,,06/Aug/26 5:18 PM;712020:63217d10-ba4d-43b3-932b-edc4035eb689;Moving back To do because most of the links are not functioning,"11/Sep/26 4:05 PM;712020:f73cd1d4-1898-4661-81a4-15f4ec8d2dfd;Help center is just a prototype of the vision, right now it does not have the data. In future all sections will be added there so it will start working then.",To Do,06/Aug/26 5:18 PM
Contact List Export Downloads an Empty File from Manage Contacts,AS-47,10633,Bug,Ready for QA,AS,Atlanta Systems,software,Atlanta Systems,712020:e66930c7-bc11-4320-ade0-445deb2a1124,,High,,ashish,712020:63ec207e-1f2a-499a-938b-a77b973c6a6d,divakar,712020:63217d10-ba4d-43b3-932b-edc4035eb689,divakar,712020:63217d10-ba4d-43b3-932b-edc4035eb689,27/Jul/26 6:04 PM,25/Aug/26 5:46 PM,,,,0,"bug,","contacts,","crm,",data-export,"download,","export,","manage-leads,",,,,,"When exporting/downloading the contact list from the *Manage Contacts* page, the download is generated successfully. However, the exported file is empty and does not contain any contact records, even though contacts are available in the system.

This prevents users from exporting contact data for reporting or offline use.",,divakar,,712020:63217d10-ba4d-43b3-932b-edc4035eb689,,,,,,,,,,20/Aug/26 6:04 PM;ug:00e6473d-38d0-475c-828b-f49ed6d7bd06;Contact (2).pdf;https://systemsatlanta.atlassian.net/rest/api/3/attachment/content/10630,27/Jul/26 6:07 PM;ug:00e6473d-38d0-475c-828b-f49ed6d7bd06;Contact.pdf;https://systemsatlanta.atlassian.net/rest/api/3/attachment/content/10288,"* The export file is downloaded successfully.
* The downloaded file is empty and contains no contact records.",,,Atlanta CRM,ApprovalsCFValue{approvals=[]},,,,,,Prod,,,,,"* The exported file should contain all applicable contact records (or the filtered records, if filters are applied).
* The downloaded data should accurately match the records displayed in the application.",,,,,,,Manage Leads (Contacts),,Web,,,0|i00084:,,,High,,"# Navigate to *Manage Contacts*.
# Ensure one or more contact records are available.
# Click the *Download/Export* button.
# Open the downloaded file.",,,,,,,,,1.0,,,,,20/Aug/26 6:04 PM;712020:63217d10-ba4d-43b3-932b-edc4035eb689;Moving to To-DO because the Manage contacts export file still comes empty [~accountid:712020:63ec207e-1f2a-499a-938b-a77b973c6a6d] [^Contact (2).pdf] ,,To Do,20/Aug/26 6:04 PM
Date fields become non-editable after manually entering values in time input fields,AS-45,10567,Bug,Ready for QA,AS,Atlanta Systems,software,Atlanta Systems,712020:e66930c7-bc11-4320-ade0-445deb2a1124,,Highest,,Shivam Verma,712020:848aa87f-a76c-478c-9902-ce2141e48996,divakar,712020:63217d10-ba4d-43b3-932b-edc4035eb689,divakar,712020:63217d10-ba4d-43b3-932b-edc4035eb689,27/Jul/26 2:17 PM,11/Sep/26 4:00 PM,07/Sep/26 4:09 PM,,,0,bug,date-picker-validation,frontend,Reports,trackofy,"ui-ux,",,,,,,"When the user manually edits either the *From Time* or *To Time* field (for example, entering {{00:01}}), both *From Date* and *To Date* fields stop functioning.

After editing the time field:

* Selecting a date from the date picker does not populate the date input.
* Manual typing into the date fields is also ignored.
* The date fields become effectively read-only until the form is refreshed or reset.

This issue occurs only after manually modifying the time input.",,divakar,,712020:63217d10-ba4d-43b3-932b-edc4035eb689,,,,,,,,,,27/Jul/26 2:24 PM;ug:00e6473d-38d0-475c-828b-f49ed6d7bd06;Date fields become non-editable after manually entering values in time input fields.jpg;https://systemsatlanta.atlassian.net/rest/api/3/attachment/content/10222,,"* The selected date is not populated in the date field.
* Manual typing into the date field is also not accepted.
* Both date fields become unusable after editing the time field manually.",,,Trackofy,ApprovalsCFValue{approvals=[]},,,,,,Prod,Staging,,,,"* Editing the time field should not affect the functionality of the date fields.
* Users should be able to select dates from the date picker or manually enter valid dates at any time.
* Date and time inputs should function independently while maintaining proper synchronization.",,,,,,,CAN - Reports,,Web,,,0|i0009v:,,,High,,"# Navigate to CAN module → Reports.
# Open any report containing:
#* From Date
#* From Time
#* To Date
#* To Time
# Click inside *From Time* (or *To Time*).
# Manually type a value such as *00:01*.
# Click on *From Date*.
# Select any date from the date picker.
# Observe the behavior.
# Repeat for *To Date*.",2.0,,,,,,,,4.0,,,,,,,To Do,08/Sep/26 11:09 AM
Increase form field label font size to improve readability and accessibility,AS-44,10534,Story,Ready for QA,AS,Atlanta Systems,software,Atlanta Systems,712020:e66930c7-bc11-4320-ade0-445deb2a1124,,Medium,,Shivam Verma,712020:848aa87f-a76c-478c-9902-ce2141e48996,divakar,712020:63217d10-ba4d-43b3-932b-edc4035eb689,divakar,712020:63217d10-ba4d-43b3-932b-edc4035eb689,27/Jul/26 12:36 PM,11/Sep/26 4:00 PM,,,,0,"accessibility,",enhancement,trackofy,"typography,","ui,","ux,",,,,,,"The font size used for form field labels throughout the application is relatively small, making it difficult to read, particularly for users with low vision or those using high-resolution displays.

Increasing the label font size would improve readability, reduce visual strain, and make forms more accessible without significantly impacting the overall layout.",,divakar,Shivam Verma,712020:63217d10-ba4d-43b3-932b-edc4035eb689,712020:848aa87f-a76c-478c-9902-ce2141e48996,,,,,,,,,27/Jul/26 2:03 PM;ug:00e6473d-38d0-475c-828b-f49ed6d7bd06;userstory1.png;https://systemsatlanta.atlassian.net/rest/api/3/attachment/content/10221,,,,,Trackofy,ApprovalsCFValue{approvals=[]},,,,,,,,,,,,,,,,,,Forms (Applicable Across Modules),,Web,,,0|i0009n:,,,,,,2.0,,,,,,,"*As a* user,

*I want* form field labels to be displayed with a larger and more readable font size,

*So that* I can easily identify input fields without straining my eyes.",4.0,,,2026-09-10 11:24:44.247,,"10/Sep/26 4:54 PM;712020:848aa87f-a76c-478c-9902-ce2141e48996;*Comment:*

While increasing the form-field label font size improves readability, the current UI uses the library’s default form-field styling and label sizing. Increasing the label size directly causes *alignment and spacing inconsistencies*, especially within the input fields, and can affect the overall Material form-field layout.

Because the label positioning, floating behavior, and input alignment are controlled by the component library, changing only the font size causes the *input-field UI to break or look inconsistent across fields*.

Therefore, this should not be changed as a simple global font-size override unless the complete form-field styling (label position, padding, height, and floating state) is also adjusted and tested across the application.",,To Do,27/Jul/26 12:36 PM
Add Activity Allows Selection and Submission of Past Date as Reschedule Date,AS-39,10433,Bug,Ready for QA,AS,Atlanta Systems,software,Atlanta Systems,712020:e66930c7-bc11-4320-ade0-445deb2a1124,,High,,ashish,712020:63ec207e-1f2a-499a-938b-a77b973c6a6d,divakar,712020:63217d10-ba4d-43b3-932b-edc4035eb689,divakar,712020:63217d10-ba4d-43b3-932b-edc4035eb689,24/Jul/26 4:47 PM,26/Aug/26 12:46 PM,,,,0,"activities,","bug,",business-validation,"crm,","date-validation,","reschedule,",,,,,,"While adding a new activity with the *Status* set to *ReSchedule*, the application allows users to select and save a *past date* as the *Reschedule Date*. The activity is saved successfully even though a rescheduled activity should only allow a current or future date.

This results in invalid scheduling data and defeats the purpose of rescheduling an activity.",,divakar,,712020:63217d10-ba4d-43b3-932b-edc4035eb689,,,,,,,,,,24/Jul/26 4:49 PM;ug:00e6473d-38d0-475c-828b-f49ed6d7bd06;Add activity allows past date as valud reschedule date.png;https://systemsatlanta.atlassian.net/rest/api/3/attachment/content/10153,20/Aug/26 5:45 PM;ug:00e6473d-38d0-475c-828b-f49ed6d7bd06;image-20260820-121457.png;https://systemsatlanta.atlassian.net/rest/api/3/attachment/content/10629,"* The application accepts the past reschedule date.
* The activity is saved successfully.
* A success message (""Successfully Added!"") is displayed.",,,Atlanta CRM,ApprovalsCFValue{approvals=[]},,,,,,Prod,,,,,"* The application should not allow past dates to be selected or submitted as the *Reschedule Date*.
* A validation message such as *""Reschedule Date cannot be earlier than today.""* should be displayed.
* The activity should not be saved until a valid current or future date is selected.",,,,,,,Activities,,Web,,,0|i0008j:,,,High,,"# Navigate to the *Activities* module.
# Click *Add Activity*.
# Fill in all mandatory fields.
# Select *Status* as *ReSchedule*.
# Choose a *past date* (e.g., {{01-07-2015}}) in the *Reschedule Date* field.
# Click *Save*.",,,,,,,,,1.0,,,,,"20/Aug/26 5:43 PM;712020:63217d10-ba4d-43b3-932b-edc4035eb689;Moving to TO-DO because I can still Add a Activity by inputing past data in the datepicker

!image-20260820-121457.png|width=603,alt=""image-20260820-121457.png""!",,To Do,20/Aug/26 5:43 PM
Lead Creation Accepts Negative Quantity Resulting in Incorrect Negative Total Amount,AS-37,10367,Bug,Ready for QA,AS,Atlanta Systems,software,Atlanta Systems,712020:e66930c7-bc11-4320-ade0-445deb2a1124,,High,,ashish,712020:63ec207e-1f2a-499a-938b-a77b973c6a6d,divakar,712020:63217d10-ba4d-43b3-932b-edc4035eb689,divakar,712020:63217d10-ba4d-43b3-932b-edc4035eb689,24/Jul/26 1:08 PM,25/Aug/26 5:51 PM,,,,0,"bug,","business-logic,",calculation,"crm,","leads,","validation,",,,,,,"While creating a new lead, the *Quantity* field accepts negative values. The system successfully saves the lead instead of validating the input. As a result, the *Total Amount* is calculated as a negative value, leading to invalid business data.

The Quantity field should only accept positive values greater than zero.",,divakar,,712020:63217d10-ba4d-43b3-932b-edc4035eb689,,,,,,,,,,,,"* The system accepts the negative quantity.
* The lead is created successfully.
* The *Total Amount* is calculated and displayed as a negative value.",,,Atlanta CRM,ApprovalsCFValue{approvals=[]},,,,,,Prod,,,,,"* The system should reject negative values in the *Quantity* field.
* A validation message such as *""Quantity must be greater than zero.""* should be displayed.
* The lead should not be created until a valid positive quantity is entered.",,,,,,,Leads,,Web,,,0|i00083:,,,High,,"# Navigate to *Leads*.
# Click *Create New Lead*.
# Enter the required details.
# In the *Quantity* field, enter a negative value (e.g., {{-5}}).
# Complete the remaining mandatory fields.
# Click *Save/Create*.",,,,,,,,,1.0,,,,,20/Aug/26 5:15 PM;712020:63217d10-ba4d-43b3-932b-edc4035eb689;Moving to TO-Do as I can still save a lead with negative quantity using interceptor via api,,To Do,24/Jul/26 1:08 PM
Contact Creation Form Does Not Display Validation Errors for Invalid Input,AS-36,10334,Bug,Ready for QA,AS,Atlanta Systems,software,Atlanta Systems,712020:e66930c7-bc11-4320-ade0-445deb2a1124,,Medium,,ashish,712020:63ec207e-1f2a-499a-938b-a77b973c6a6d,divakar,712020:63217d10-ba4d-43b3-932b-edc4035eb689,divakar,712020:63217d10-ba4d-43b3-932b-edc4035eb689,24/Jul/26 11:45 AM,26/Aug/26 12:37 PM,,,,0,"bug,","contacts,","crm,",form-validation,"ui-ux,","validation,",,,,,,"When attempting to create a new contact with invalid or improperly formatted data, the form is not submitted as expected. However, the application also fails to display any validation message or error indication to inform the user about the invalid input.

This leaves users without any feedback, making it unclear why the contact was not created and creating a poor user experience.",,divakar,,712020:63217d10-ba4d-43b3-932b-edc4035eb689,,,,,,,,,,,,"* The contact is not created.
* No validation message or error is displayed.
* The user receives no indication of which field contains invalid data or why the submission failed.",,,Atlanta CRM,ApprovalsCFValue{approvals=[]},,,,,,Prod,,,,,"* The form should display appropriate validation messages for all invalid fields.
* Invalid fields should be highlighted.
* The contact should only be created after all validation errors are resolved.",,,,,,,Contacts,,Web,,,0|i0008p:,,,Medium,,"# Navigate to *Contacts*.
# Click *Create New Contact*.
# Enter invalid data in one or more required or validated fields (e.g., invalid email format or other invalid input).
# Click *Save/Create*.",,,,,,,,,1.0,,,,,"21/Aug/26 6:22 PM;712020:63217d10-ba4d-43b3-932b-edc4035eb689;Moving to TO-DO because most of the input validations are still not added in the form 
Like company name minimum length,Maxium length, Speacial character,Website validation, company name leading trailing spaces.",,To Do,21/Aug/26 6:22 PM
Default left-side vehicle panel opens in Group View instead of List (All Vehicles) View after login,AS-31,10211,Bug,Ready for QA,AS,Atlanta Systems,software,Atlanta Systems,712020:e66930c7-bc11-4320-ade0-445deb2a1124,,Medium,,Smriti Singh,712020:f73cd1d4-1898-4661-81a4-15f4ec8d2dfd,Atlanta Systems,712020:e66930c7-bc11-4320-ade0-445deb2a1124,Atlanta Systems,712020:e66930c7-bc11-4320-ade0-445deb2a1124,21/Jul/26 4:16 PM,11/Sep/26 4:02 PM,,,,0,trackofy,,,,,,,,,,,"After logging into the application, the left-side vehicle panel opens in Group View by default instead of the List (All Vehicles) view, requiring users to manually switch views before accessing the vehicle list.",Prod,,,,,0,0,0,,0,0,0,,,,"The left-side vehicle panel opens in Group View by default, requiring users to switch to List (All Vehicles) view manually.",,,Trackofy,ApprovalsCFValue{approvals=[]},,,,,,,,,,,"The left-side vehicle panel should open in List (All Vehicles) view by default after login, allowing users to immediately view all available vehicles.",,,,,,,Home → Left Vehicle Panel,,Web,,,0|i0000x:,,,Low,,"1. Log in to the application.
2. Observe the default view of the left-side vehicle panel.",,,,,,,,,V4,,,,,,,To Do,11/Sep/26 2:37 PM
Playback form cannot be submitted when valid dates are entered manually,AS-28,10233,Bug,Ready for QA,AS,Atlanta Systems,software,Atlanta Systems,712020:e66930c7-bc11-4320-ade0-445deb2a1124,,,,Smriti Singh,712020:f73cd1d4-1898-4661-81a4-15f4ec8d2dfd,Atlanta Systems,712020:e66930c7-bc11-4320-ade0-445deb2a1124,Atlanta Systems,712020:e66930c7-bc11-4320-ade0-445deb2a1124,21/Jul/26 4:16 PM,11/Sep/26 12:12 PM,,,,0,trackofy,,,,,,,,,,,"The application does not recognize manually entered valid dates in the date fields. On form submission, it displays a validation message indicating that required fields are missing, even though valid dates have been entered.",Prod,divakar,,712020:63217d10-ba4d-43b3-932b-edc4035eb689,,0,0,0,,0,0,0,,23/Jul/26 12:40 PM;ug:00e6473d-38d0-475c-828b-f49ed6d7bd06;error when manaully entering date.mp4;https://systemsatlanta.atlassian.net/rest/api/3/attachment/content/10071,,"The application displays the message ""Please fill all the required fields"" and does not submit the form, even though valid dates have been entered manually.",,,Trackofy,ApprovalsCFValue{approvals=[]},,,,,,Prod,Staging,,,,The application should accept valid dates entered manually and allow the form to be submitted successfully.,,,,,,,Tracking → Playback Tracking,,Web,,,0|i0001q:i,,,,,"1. Navigate to Tracking.
2. Open the Playback Tracking tab.
3. Enter valid values in all required fields.
4. Manually type a valid From Date and To Date instead of selecting them from the date picker.
5. Click Start.
6. Observe the validation message.",,,,,,,,,V4,,,2026-08-04 09:34:36.009,,04/Aug/26 3:04 PM;712020:63217d10-ba4d-43b3-932b-edc4035eb689;Moving back to To do because user should have the option to manually enter the date because it is faster than choosing date from calendar.,,To Do,04/Aug/26 3:04 PM
"Search input field lacks visible border, making it difficult to identify",AS-18,10216,Bug,Ready for QA,AS,Atlanta Systems,software,Atlanta Systems,712020:e66930c7-bc11-4320-ade0-445deb2a1124,,Medium,,Smriti Singh,712020:f73cd1d4-1898-4661-81a4-15f4ec8d2dfd,Atlanta Systems,712020:e66930c7-bc11-4320-ade0-445deb2a1124,Atlanta Systems,712020:e66930c7-bc11-4320-ade0-445deb2a1124,21/Jul/26 4:16 PM,11/Sep/26 10:33 AM,,,,0,input,search,trackofy,,,,,,,,,"The search input field lacks a visible border or background contrast. Only the placeholder text ""Search"" is visible. This makes the field blend directly into the page background. Users cannot easily identify it as an interactive input area at a glance.",Prod,,,,,0,0,0,,0,0,0,,23/Jul/26 2:38 PM;ug:00e6473d-38d0-475c-828b-f49ed6d7bd06;Search field UI.png;https://systemsatlanta.atlassian.net/rest/api/3/attachment/content/10081,,"Only the text ""Search"" is displayed on a flat white background. There are no visual boundaries or indicators defining the input area.",,,Trackofy,ApprovalsCFValue{approvals=[]},,,,,,Prod,Staging,,,,The search field should have a clear visual boundary.,,,,,,,Downloads,,Web,,,0|i0003f:,,,Low,,"1. Navigate to Reports.
2. Select Work Hour.
3.Select any vehicle
4. Click Generate
5. Go to downloads
6. Observe the search field on the top left of the table",,,,,,,,,V4,,,,,,,To Do,
Time Interval Hour Input Field – Increment/Decrement Arrows Overlap with Reset and Back Buttons,AS-23,10222,Bug,Ready for QA,AS,Atlanta Systems,software,Atlanta Systems,712020:e66930c7-bc11-4320-ade0-445deb2a1124,,,,Smriti Singh,712020:f73cd1d4-1898-4661-81a4-15f4ec8d2dfd,Atlanta Systems,712020:e66930c7-bc11-4320-ade0-445deb2a1124,Atlanta Systems,712020:e66930c7-bc11-4320-ade0-445deb2a1124,21/Jul/26 4:16 PM,11/Sep/26 12:12 PM,,,,0,trackofy,,,,,,,,,,,"The Increment/Decrement arrows of the Time Interval Hour input field overlap with the Reset and Back buttons, causing an inconsistent UI layout and making the controls difficult to access.",Prod,,,,,0,0,0,,0,0,0,,23/Jul/26 2:00 PM;ug:00e6473d-38d0-475c-828b-f49ed6d7bd06;Input field UI Overlap.png;https://systemsatlanta.atlassian.net/rest/api/3/attachment/content/10076,,"The Up/Down (Increment/Decrement) arrows for the Time Interval Hour input field overlap with the Reset and Back buttons, resulting in an inconsistent UI layout and making the controls difficult to access.",,,Trackofy,ApprovalsCFValue{approvals=[]},,,,,,Prod,Staging,,,,The Up/Down (Increment/Decrement) arrows should be properly aligned within the Time Interval Hour input field and should not overlap or interfere with the Reset and Back buttons. All UI elements should be clearly visible and easily accessible.,,,,,,,Reports -> Idle report -> Time interal hour input field,,Web,,,0|i0004r:,,,,,"1. Navigate to Reports.
2. Select Idle Report.
3. Click the Time Interval Hour input field.
4. Observe the position of the Up/Down (Increment/Decrement) arrows near the field.
5. Compare their placement with the Reset and Back buttons.",,,,,,,,,V4,,,,,,,To Do,
Thickness slider displays a misleading range (0–4.5 px) instead of the full available range (0–10 px).,AS-22,10229,Bug,Ready for QA,AS,Atlanta Systems,software,Atlanta Systems,712020:e66930c7-bc11-4320-ade0-445deb2a1124,,Low,,Smriti Singh,712020:f73cd1d4-1898-4661-81a4-15f4ec8d2dfd,Atlanta Systems,712020:e66930c7-bc11-4320-ade0-445deb2a1124,Atlanta Systems,712020:e66930c7-bc11-4320-ade0-445deb2a1124,21/Jul/26 4:16 PM,11/Sep/26 12:11 PM,,,,0,trackofy,,,,,,,,,,,"The Vehicle Information card changes its appearance based on the browser/system theme, resulting in poor visibility and inconsistent UI. The card should follow the application's theme instead of the browser theme.",Prod,,,,,0,0,0,,0,0,0,,23/Jul/26 2:01 PM;ug:00e6473d-38d0-475c-828b-f49ed6d7bd06;Thickness slider UI.png;https://systemsatlanta.atlassian.net/rest/api/3/attachment/content/10077,,"The slider initially displays the range as 0–4 px, which suggests that 4 px is the maximum selectable value. However, the slider allows values up to 10 px, making the initial range display misleading.",,,Trackofy,ApprovalsCFValue{approvals=[]},,,,,,Prod,Staging,,,,The slider should consistently display the complete available range (0–10 px) so users can clearly understand the minimum and maximum selectable values.,,,,,,,Playback Tracking -> Thickness Slider,,Web,,,0|i0006b:,,,Low,,"1. Navigate to tracking page 
2. Select Playback tracking tab
3. Observe the thickness slider text ""0 - 4px""",,,,,,,,,V4,,,,,,,To Do,
Playback Play/Pause button state is not refreshed after clicking Start or Reset,AS-24,10230,Bug,Ready for QA,AS,Atlanta Systems,software,Atlanta Systems,712020:e66930c7-bc11-4320-ade0-445deb2a1124,,,,Smriti Singh,712020:f73cd1d4-1898-4661-81a4-15f4ec8d2dfd,Atlanta Systems,712020:e66930c7-bc11-4320-ade0-445deb2a1124,Atlanta Systems,712020:e66930c7-bc11-4320-ade0-445deb2a1124,21/Jul/26 4:16 PM,11/Sep/26 4:05 PM,,,,0,trackofy,,,,,,,,,,,The Play/Pause button on the map does not refresh its state after clicking the Start or Reset button during playback. The button continues to display the Pause icon even though playback has been restarted or reset.,Prod,,,,,0,0,0,,0,0,0,,23/Jul/26 1:58 PM;ug:00e6473d-38d0-475c-828b-f49ed6d7bd06;Playback button reset .mp4;https://systemsatlanta.atlassian.net/rest/api/3/attachment/content/10075,,"After clicking Start or Reset, the button continues to display the Pause icon instead of reverting to the Play icon, resulting in an incorrect playback state.",,,Trackofy,ApprovalsCFValue{approvals=[]},,,,,,Prod,Staging,,,,"After clicking Start or Reset, the map control should reset and the button should display the Play (▶) icon, indicating that playback is not currently running.",,,,,,,Playback,,Web,,,0|i0006j:,,,,,"1. Navigate to Tracking.
2. Open the Playback Tracking tab.
3. Select any vehicle and click Start to begin playback.
4. While playback is running, click the Start button again (or click Reset).
5. Observe the Play/Pause button on the Google Map.",,,,,,,,,V4,,,,,,,To Do,
"Unnecessary mandatory indicator (*) displayed for Split Screen field , From time and To Time dropdown field",AS-26,10232,Bug,Ready for QA,AS,Atlanta Systems,software,Atlanta Systems,712020:e66930c7-bc11-4320-ade0-445deb2a1124,,Low,,Smriti Singh,712020:f73cd1d4-1898-4661-81a4-15f4ec8d2dfd,Atlanta Systems,712020:e66930c7-bc11-4320-ade0-445deb2a1124,Atlanta Systems,712020:e66930c7-bc11-4320-ade0-445deb2a1124,21/Jul/26 4:16 PM,11/Sep/26 12:10 PM,,,,0,trackofy,,,,,,,,,,,"The Split Screen field is marked as mandatory with an asterisk (*), even though ""No"" is selected by default .
The From Time and To Time fields are marked as mandatory with an asterisk (*), even though default values (00:00 and 23:59) are pre-populated 

No user input is required. This creates unnecessary confusion.",Prod,,,,,0,0,0,,0,0,0,,23/Jul/26 12:55 PM;ug:00e6473d-38d0-475c-828b-f49ed6d7bd06;Unnescesary mandatory field astric.png;https://systemsatlanta.atlassian.net/rest/api/3/attachment/content/10073,,"The Split Screen, From time and To time fields displays a mandatory asterisk (*) making the field appear unnecessarily mandatory.",,,Trackofy,ApprovalsCFValue{approvals=[]},,,,,,Prod,Staging,,,,The mandatory asterisk (*) should not be displayed if the field has a valid default value and does not require user input.,,,,,,,Tracking -> Playback Tracking Form,,Web,,,0|i0006z:,,,Low,,"1. Navigate to Tracking.
2. Open the Playback Tracking tab.
3. Observe the Split Screen dropdown field.
4. Notice that ""Split screen"" , ""From time"" and ""To Time"" fields have default values and are marked with a mandatory asterisk (*).",,,,,,,,,V4,,,,,,,To Do,
Generic success toast is displayed when clearing map elements instead of indicating the cleared item,AS-13,10213,Bug,Ready for QA,AS,Atlanta Systems,software,Atlanta Systems,712020:e66930c7-bc11-4320-ade0-445deb2a1124,,Medium,,Smriti Singh,712020:f73cd1d4-1898-4661-81a4-15f4ec8d2dfd,Atlanta Systems,712020:e66930c7-bc11-4320-ade0-445deb2a1124,Atlanta Systems,712020:e66930c7-bc11-4320-ade0-445deb2a1124,21/Jul/26 4:16 PM,11/Sep/26 12:23 PM,,,,0,bug,home2,map,toast-message,trackofy,ui,ux,,,,,"When clearing Vehicles, POIs, or Alerts from the map in the Home2 module, the application always displays the generic success message ""Selected map layers cleared"". The toast notification does not specify which map element was actually cleared, making the feedback unclear to the user.",Staging,,,,,0,0,0,,0,0,0,,,,"A generic success message ""Selected map layers cleared"" is displayed regardless of whether Vehicles, POIs, or Alerts are cleared from the map.",,,Trackofy,ApprovalsCFValue{approvals=[]},,,,,,,,,,,"The success toast should display a context-specific message indicating what was cleared, such as ""All vehicles cleared from the map"", ""All POIs cleared from the map"", or ""All alerts cleared from the map"".",,,,,,,Home2 → Map,,Web,,,0|i0002r:,,,Low,,"1. Login to the Trackofy web application.
2. Navigate to the Home2 tab.
3. Add any map element (e.g., Vehicles, POIs, or Alerts) to the map.
4. Clear one of the map elements.
5. Observe the success toast notification.",,,,,,,,,V4,,,,,,,To Do,
Playback continues for previously selected vehicle after switching vehicle selection in home2,AS-15,10214,Bug,Ready for QA,AS,Atlanta Systems,software,Atlanta Systems,712020:e66930c7-bc11-4320-ade0-445deb2a1124,,Medium,,Smriti Singh,712020:f73cd1d4-1898-4661-81a4-15f4ec8d2dfd,Atlanta Systems,712020:e66930c7-bc11-4320-ade0-445deb2a1124,Atlanta Systems,712020:e66930c7-bc11-4320-ade0-445deb2a1124,21/Jul/26 4:16 PM,11/Sep/26 5:53 PM,,,,0,bug,Playback,Tracking,trackofy,,,,,,,,"When a user switches to another vehicle while playback is in progress, the application does not reset the playback state. Clicking the Play button continues playback for the previously selected vehicle instead of displaying the newly selected vehicle in live view.",Staging,,,,,0,0,0,,0,0,0,,"23/Jul/26 2:52 PM;ug:00e6473d-38d0-475c-828b-f49ed6d7bd06;Playback , live map issue.mp4;https://systemsatlanta.atlassian.net/rest/api/3/attachment/content/10084",,"After selecting a new vehicle, the Playback controls remain available on the map. Clicking the Play button resumes playback for the previously selected vehicle instead of switching the map to Live View for the newly selected vehicle.",,,Trackofy,ApprovalsCFValue{approvals=[]},,,,,,Prod,Staging,,,,"When a new vehicle is selected, the current playback should stop immediately. The Playback controls/options should disappear from the map, and the map should automatically switch back to Live View, highlighting the newly selected vehicle.",,,,,,,"Playback , Live Map view",,Web,,,0|i0002z:,,,Medium,,"1. Navigate to Vehicle Panel.
2. Select a vehicle from the vehicle list.
3. Open Playback for the selected vehicle and start playback.
4. While playback is running, open the vehicle panel on the left.
5. Deselect the current vehicle and select a different vehicle.
6. Observe the map.
7. Click the Play button on the map.
8. Observe which vehicle's playback is resumed.",,,,,,,,,V4,,,,,,,To Do,
Navbar icons and Alert & Notification table have poor visibility in Dark Mode in new theme,AS-16,10215,Bug,Ready for QA,AS,Atlanta Systems,software,Atlanta Systems,712020:e66930c7-bc11-4320-ade0-445deb2a1124,,Medium,,Smriti Singh,712020:f73cd1d4-1898-4661-81a4-15f4ec8d2dfd,Atlanta Systems,712020:e66930c7-bc11-4320-ade0-445deb2a1124,Atlanta Systems,712020:e66930c7-bc11-4320-ade0-445deb2a1124,21/Jul/26 4:16 PM,11/Sep/26 10:34 AM,,,,0,trackofy,,,,,,,,,,,"When the application is switched to Dark Mode, several UI elements are not rendered with appropriate contrast. The navbar icons become difficult to distinguish, and the Alert & Notification table (headers and content) has poor readability due to insufficient contrast between the text and background. This negatively impacts usability and accessibility.",Staging,,,,,0,0,0,,0,0,0,,23/Jul/26 2:47 PM;ug:00e6473d-38d0-475c-828b-f49ed6d7bd06;Dark theme issue .png;https://systemsatlanta.atlassian.net/rest/api/3/attachment/content/10083,,"In Dark Mode, the navbar icons and the Alert & Notification table have poor visibility due to low contrast, making them difficult to read and identify.",,,Trackofy,ApprovalsCFValue{approvals=[]},,,,,,Prod,Staging,,,,"All navbar icons, table headers, and table content should maintain sufficient contrast and remain clearly visible in Dark Mode, ensuring a consistent and accessible user experience.",,,,,,,"UI → Navbar, Home, Alert & Notification",,Web,,,0|i00037:,,,Medium,,"1. Log in to the application.
2. Switch the application theme to Dark Mode.
3. Observe the Navbar icons.
4. Navigate to Home → Highest Alerts → View All (Alert & Notification).
5. Observe the visibility of the table headers and data.",,,,,,,,,V4,,,,,,,To Do,
Select All checkbox is not functioning in Groups tab of Home2,AS-12,10219,Bug,Ready for QA,AS,Atlanta Systems,software,Atlanta Systems,712020:e66930c7-bc11-4320-ade0-445deb2a1124,,Medium,,Smriti Singh,712020:f73cd1d4-1898-4661-81a4-15f4ec8d2dfd,Atlanta Systems,712020:e66930c7-bc11-4320-ade0-445deb2a1124,Atlanta Systems,712020:e66930c7-bc11-4320-ade0-445deb2a1124,21/Jul/26 4:16 PM,11/Sep/26 10:36 AM,,,,0,bug,bulk-selection,groups,home2,select-all,trackofy,ui,,,,,"The Select All checkbox available at the top of the Groups tab does not function. Clicking the checkbox does not select any of the vehicles within the group, making it impossible to perform bulk selection.",Staging,,,,,0,0,0,,0,0,0,,,,"Clicking the Select All checkbox does not select any vehicles, and no action is performed.",,,Trackofy,ApprovalsCFValue{approvals=[]},,,,,,,,,,,Clicking the Select All checkbox should select all vehicles within the expanded group.,,,,,,,Home2 → Groups,,Web,,,0|i00043:,,,Medium,,"1. Login to the Trackofy web application.
2. Navigate to the Home2 tab.
3. Switch to the Groups tab.
4. Expand any group containing multiple vehicles.
5. Click the Select All checkbox at the top of the group.
6. Observe the vehicle selection.",,,,,,,,,V4,,,,,,,To Do,
Pagination displays inconsistent entry count after changing Items per Page selection,AS-9,10225,Bug,Ready for QA,AS,Atlanta Systems,software,Atlanta Systems,712020:e66930c7-bc11-4320-ade0-445deb2a1124,,Medium,,Smriti Singh,712020:f73cd1d4-1898-4661-81a4-15f4ec8d2dfd,Atlanta Systems,712020:e66930c7-bc11-4320-ade0-445deb2a1124,Atlanta Systems,712020:e66930c7-bc11-4320-ade0-445deb2a1124,21/Jul/26 4:16 PM,11/Sep/26 11:06 AM,,,,0,bug,data-display,entry-count,pagination,trackofy,ui,,,,,,"The pagination information is inconsistent after changing the Items per Page value. The selected page size does not match the number of records displayed or the pagination text, resulting in incorrect entry count information.",Staging,,,,,0,0,0,,0,0,0,,23/Jul/26 2:58 PM;ug:00e6473d-38d0-475c-828b-f49ed6d7bd06;Pagination error.png;https://systemsatlanta.atlassian.net/rest/api/3/attachment/content/10087,,The pagination displays an inconsistent number of entries after changing the Items per Page value. The displayed records and pagination information do not match the selected page size.,,,Trackofy,ApprovalsCFValue{approvals=[]},,,,,,Prod,Staging,,,,"The number of displayed records should always match the selected Items per Page value, and the pagination text should accurately reflect the displayed range and total record count.",,,,,,,Home -> Highest Alert -> View all alerts,,Web,,,0|i0005f:,,,Medium,,"1.Login to Trackify 
2.Navigate to ""Home2""
3.Click ""view all"" under Highest section
4.Navigate to ""view all alerts"" in the bottom right section 
5.Change the values in the pagination section and observe the table",,,,,,,,,V4,,,,,,,To Do,
Notification details are not displayed and View Location is non-functional for acknowledged alerts in home2,AS-10,10226,Bug,Ready for QA,AS,Atlanta Systems,software,Atlanta Systems,712020:e66930c7-bc11-4320-ade0-445deb2a1124,,High,,Smriti Singh,712020:f73cd1d4-1898-4661-81a4-15f4ec8d2dfd,Atlanta Systems,712020:e66930c7-bc11-4320-ade0-445deb2a1124,Atlanta Systems,712020:e66930c7-bc11-4320-ade0-445deb2a1124,21/Jul/26 4:16 PM,10/Sep/26 2:36 PM,,,,0,acknowledged-alerts,bug,notification-details,notifications,trackofy,ui,view-location,,,,,"Clicking the View (Eye) icon for an alert in the Acknowledged tab opens the Notification Detail page with empty fields. Additionally, clicking the View Location button does not perform any action and does not navigate to the alert location on the map.",Staging,,,,,0,0,0,,0,0,0,,,,"The Notification Detail page opens with empty fields, and the View Location button is non-functional. No alert details are displayed, and no map navigation occurs.",,,Trackofy,ApprovalsCFValue{approvals=[]},,,,,,,,,,,"The Notification Detail page should display the complete alert information (Alert Type, Message, Location, Notification Sent On, etc.). Clicking View Location should navigate to and highlight the alert location on the map.",,,,,,,Notifications → Acknowledged Alerts,,Web,,,0|i0005n:,,,High,,"1. Login to the Trackofy web application.
2. Navigate to Home2 and click on view alerts.
3. Open the Acknowledged tab.
4. Click the Eye (View) icon on any acknowledged alert.
5. Observe the Notification Detail page.
6. Click the View Location button.",,,,,,,,,V4,,,,,,,To Do,
Filter icon is non-functional in Alert & Notification panel in home2,AS-14,10227,Bug,Ready for QA,AS,Atlanta Systems,software,Atlanta Systems,712020:e66930c7-bc11-4320-ade0-445deb2a1124,,High,,Smriti Singh,712020:f73cd1d4-1898-4661-81a4-15f4ec8d2dfd,Atlanta Systems,712020:e66930c7-bc11-4320-ade0-445deb2a1124,Atlanta Systems,712020:e66930c7-bc11-4320-ade0-445deb2a1124,21/Jul/26 4:16 PM,10/Sep/26 2:37 PM,,,,0,alets,bug,filter,home2,trackofy,,,,,,,"Clicking the Filter icon in the Alert & Notification panel does not trigger any action. The filter panel/dialog is not displayed, preventing users from filtering alerts and notifications.",Staging,,,,,0,0,0,,0,0,0,,23/Jul/26 2:54 PM;ug:00e6473d-38d0-475c-828b-f49ed6d7bd06;Filter not working.mp4;https://systemsatlanta.atlassian.net/rest/api/3/attachment/content/10085,,Clicking the Filter icon does not perform any action. No filter panel/dialog is displayed.,,,Trackofy,ApprovalsCFValue{approvals=[]},,,,,,Staging,,,,,"Clicking the Filter icon should open the filter panel/dialog, allowing users to apply filter criteria to alerts and notifications.",,,,,,,Home → Highest Alert → Alert & Notification Panel,,Web,,,0|i0005v:,,,Medium,,"1. Navigate to Home.
2. Under Highest Alert, click View All.
3. In the Alert & Notification panel, locate the Filter icon.
4. Click the Filter icon.
5. Observe the behavior.",,,,,,,,,V4,,,,,,,To Do,
KPI Settings are not applied after deselecting KPIs and clicking Save,AS-7,10209,Bug,Ready for QA,AS,Atlanta Systems,software,Atlanta Systems,712020:e66930c7-bc11-4320-ade0-445deb2a1124,,High,,Smriti Singh,712020:f73cd1d4-1898-4661-81a4-15f4ec8d2dfd,Atlanta Systems,712020:e66930c7-bc11-4320-ade0-445deb2a1124,Atlanta Systems,712020:e66930c7-bc11-4320-ade0-445deb2a1124,21/Jul/26 4:16 PM,11/Sep/26 4:01 PM,09/Sep/26 8:54 PM,,,0,bug,customization,dashboard,kpi-settings,trackofy,ui,,,,,,"The KPI Settings feature does not apply the user's selected configuration. After deselecting one or more KPI options and clicking Save, the unchecked KPI cards continue to be displayed on the dashboard instead of being hidden.",Staging,,,,,0,0,0,,0,0,0,,,,"The unchecked KPI cards (e.g., Total Vehicles, Running) continue to be displayed on the Home2 even after clicking Save. The KPI Settings changes are not applied.",,,Trackofy,ApprovalsCFValue{approvals=[]},,,,,,,,,,,Only the selected KPI cards should be displayed. Any KPI that was unchecked should be hidden immediately after saving the settings.,,,,,,,Dashboard → KPI Settings,,Web,,,0|i0001v:,,,Medium,,"1. Login to the Trackofy web application.
2. Navigate to the Home2 tab.
3. Click the KPI Settings (gear) icon.
4. Uncheck one or more KPI options (e.g., Total Vehicles, Running).
5. Click Save.
6. Observe the dashboard KPI cards.",,,,,,,,,V4,,,,,,,To Do,
